,book_title,author,publisher,published_date,ISBN_10,ISBN_13,page_count,average_rating,rating_count,country,amount,currency,published_year
0,Harry Potter and the Philosopher's Stone,['J. K. Rowling'],Bloomsbury Publishing,2014-01-09,1408855895,9781408855898,352,,,,,,2014
1,Harry Potter and the Sorcerer's Stone,['J. K. Rowling'],Arthur A. Levine Books,2018-06-26,133829914X,9781338299144,336,4.5,1551,,,,2018
3,Harry Potter and the Philosopher's Stone - Ravenclaw Edition,['Joanne K. Rowling'],Bloomsbury Childrens,2017-06,1408883775,9781408883778,368,,,,,,2017
4,Harry Potter and the Philosopher's Stone (Irish),['J.K. Rowling'],Bloomsbury Children's Books,2015-01-29,1408866196,9781408866191,272,5,6,,,,2015
5,Harry Potter and the Philosopher's Stone - Slytherin Edition,['J. K. Rowling'],Bloomsbury Childrens,2017-06,1408883767,9781408883761,350,5,1,,,,2017
6,Harry Potter and the Philosopher's Stone - Hufflepuff Edition,['J. K. Rowling'],Bloomsbury Children's Books,2017-06,1408883805,9781408883808,350,,,,,,2017
8,Harry Potter and the Philosopher's Stone: MinaLima Edition,['J. K. Rowling'],Bloomsbury Children's Books,2020-10-20,1526626586,9781526626585,368,,,,,,2020
9,Harry Potter and the Philosopher's Stone,['J. K. Rowling'],Bloomsbury Harry Potter,2015-01-29,1408866161,9781408866160,256,,,,,,2015
10,The Little Prince,['Antoine de Saint-Exupéry'],Egmont Books Limited,2005,1405216344,9781405216340,83,,,,,,2005
11,The Pilot and the Little Prince,['Peter Sís'],Macmillan,2014-05-27,0374380694,9780374380694,48,4,7,,,,2014
12,The Little Prince,['Antoine De Saint-Exupéry'],CreateSpace,2015-05-11,151214858X,9781512148589,68,4,1910,,,,2015
13,The Little Prince Read-Aloud Storybook,['Antoine de Saint-Exupéry'],Houghton Mifflin Harcourt,2016-04-12,0544931815,9780544931817,40,,,US,6.99,USD,2016
15,The Little Prince Family Storybook,['Antoine De Saint-exupry'],Harcourt Brace,2015-11-17,0544792564,9780544792562,64,,,,,,2015
16,Meet the Little Prince (Padded Board Book),['Antoine de Saint-Exupery'],HMH Books For Young Readers,2015-10-13,0544709020,9780544709027,10,,,,,,2015
17,The Little Prince by Antoine de Saint-Exupéry,['Antoine de Saint-Exupéry'],Classics Press,2019-11-04,1938412478,9781938412479,117,,,US,1.99,USD,2019
18,Counting with the Little Prince,['Antoine De Saint-Exupery'],HMH Books For Young Readers,2015-10-13,0544699599,9780544699595,10,,,,,,2015
19,Travels with the Little Prince (Tabbed Board Book),['Antoine de Saint-Exupery'],HMH Books For Young Readers,2015-10-13,0544709012,9780544709010,10,,,,,,2015
20,The Dream of the Red Chamber,['Cao Xue Qin'],Createspace Independent Publishing Platform,2017-11,1979343748,9781979343749,286,,,,,,2017
23,The Dream of the Red Chamber,['Cao Xue Qin'],Createspace Independent Publishing Platform,2016-05-09,3842496559,9781541180413,824,3.5,4,,,,2016
24,"Hung Lou Meng, Book I the Dream of the Red Chamber, a Chinese Novel in Two Book",['Cao Xue Qin'],Createspace Independent Publishing Platform,2016-12-19,,9798697764350,360,,,,,,2016
26,"Hung Lou Meng, Book I Or, the Dream of the Red Chamber, a Chinese Novel in Two Books",['Xueqin Cao'],tredition,2012-02-06,9813170085,,508,,,US,5.63,USD,2012
28,Dream of the Red Chamber,['Cao Xueqin'],The Floating Press,2009-12-01,,9789813170087,2119,4,1,US,5.99,USD,2009
29,A Dream of Red Mansions,['Cao Xueqin'],Asiapac Books Pte Ltd,1994,,,2556,5,1,US,3.99,USD,1994
30,The Hobbit,['J.R.R. Tolkien'],Houghton Mifflin Harcourt,2012-02-15,0547951973,9780547951973,288,4.5,145,US,9.99,USD,2012
32,"The Hobbit, Or, There and Back Again",['John Ronald Reuel Tolkien'],Mariner Books,1997,0618002219,9780618002214,271,4.5,21,,,,1997
33,The Hobbit: Deluxe Pocket Edition,['J. R. R. Tolkien'],Houghton Mifflin Harcourt,2012-10-30,0544045521,9780544045521,300,,,,,,2012
34,"Exploring J.R.R. Tolkien's ""The Hobbit""",['Corey Olsen'],Houghton Mifflin Harcourt,2012-09-18,0547739672,9780547739670,320,4,7,US,9.99,USD,2012
35,The Hobbit and TolkienÕs Mythology,['Bradford Lee Eden'],McFarland,2014-10-13,0786479604,9780786479603,244,,,,,,2014
37,The Art of the Hobbit by J.R.R. Tolkien,"['Wayne G. Hammond', 'John Ronald Reuel Tolkien', 'Christina Scull']",Houghton Mifflin,2011,0547928254,9780547928258,143,,,,,,2011
38,The Hobbit: Illustrated by Alan Lee,['J. R. R. Tolkien'],HarperCollins UK,2012-11-08,0007487312,9780007487318,400,5,1,,,,2012
39,The Annotated Hobbit,"['John Ronald Reuel Tolkien', 'Douglas Allen Anderson']",Houghton Mifflin Harcourt,2002,0618134700,9780618134700,398,4.5,9,,,,2002
40,And Then There Were None,['Agatha Christie'],Macmillan,2004-05-03,0312330871,9780312330873,264,4,2130,,,,2004
42,And Then There Were None,['Agatha Christie'],HarperCollins UK,2003,0008392943,9780008392949,317,3.5,2,,,,2003
43,And Then There Were None: B2 (Collins Agatha Christie ELT Readers),['Agatha Christie'],Collins,2020-09-03,0062490370,9780062490377,128,,,,,,2020
44,And Then There Were None,['Agatha Christie'],William Morrow Paperbacks,2016-02-23,1408495066,9781408495063,272,4,2304,,,,2016
45,And Then There Were None,['Agatha Christie'],Clipper Audio,2013-01-07,006232554X,9780062325549,,4,2299,,,,2013
46,And Then There Were None,['Agatha Christie'],William Morrow Paperbacks,2014-05-06,0573616396,9780573616396,272,,,,,,2014
47,And Then There Were None,['Agatha Christie'],"Samuel French, Inc.",2004,0062696262,9780062696267,94,4,4,,,,2004
48,And Then There Were None Teaching Guide,"['Agatha Christie', 'Amy Jurskis']",HarperCollins,2017-04-18,0062875914,9780062875914,,5,1,US,0,USD,2017
51,"The Lion, the Witch and the Wardrobe Read-Aloud Edition","['C. S. Lewis', 'Pauline Baynes']",Zondervan,2005-11-01,0060845244,9780060845247,208,4,2755,,,,2005
53,"The Lion, the Witch and the Wardrobe","['C.S Lewis', 'Adrian Mitchell']",Oberon Books,2012-05-28,1849435499,9781849435499,88,4,3104,,,,2012
54,Narnia Beckons,"['Theodore Baehr', 'James Baehr']",B&H Publishing Group,2005-01,0805440429,9780805440423,184,5,1,,,,2005
55,"The Lion, the Witch and the Wardrobe (rack)",['C. S. Lewis'],HarperCollins,1978,0064471047,9780064471046,224,4,2767,,,,1978
57,"The Lion, the Witch and the Wardrobe","['C. S. Lewis', 'Joseph Robinette']",Dramatic Publishing,1989,0871292653,9780871292650,60,4,32,,,,1989
58,"The Lion, the Witch and the Wardrobe",['C. S. Lewis'],Chronicles of Narnia,2011,0007442483,9780007442485,48,4.5,175,,,,2011
59,"A Guide for Using the Lion, the Witch & the Wardrobe in the Classroom","['C. S. Lewis', 'Michael Shepherd']",Teacher Created Resources,1992,1557344094,9781557344090,48,4,1,,,,1992
60,She D,['Henry Rider Haggard'],Naxos Audiobooks,2014-05-10,1843794128,9781843794127,,,,,,,2014
61,She,['H. Rider Haggard'],Broadview Press,2006-02-01,1551116472,9781551116471,450,,,,,,2006
62,She: a History of Adventure (1887). By: H. Rider Haggard,['H. Rider Haggard'],Createspace Independent Publishing Platform,2017-01-24,1542710618,9781542710619,172,,,,,,2017
64,She,['H. Rider Haggard'],Modern Library,2011-11-30,0307808025,9780307808028,368,,,US,2.99,USD,2011
66,She,['H. Rider Haggard'],Prabhat Prakashan,101-01-01,,,,,,US,0.64,USD,101-
67,She,"['H. Rider Haggard', 'Alex Struik']",Createspace Independent Pub,2012-01-10,1468199528,9781468199529,252,3.5,33,,,,2012
70,The Adventures of Pinocchio,['Carlo Collodi'],Joe Books Ltd,2015-06-02,1987955307,9781987955309,159,3.5,38,,,,2015
71,The Adventures of Pinocchio,['C. Collodi'],BookRix,2013-08-24,3730945017,9783730945018,161,3.5,39,US,0.99,USD,2013
72,Avventure di Pinocchio,['Carlo Collodi'],Univ of California Press,2005-08-31,0520246861,9780520246867,498,,,,,,2005
73,The Adventures of Pinocchio,['Carlo Collodi'],New York Review of Books,2009,1590172892,9781590172896,189,3,1,,,,2009
75,"Adventures of Pinocchio, the [Ilustrated with Interactive Elements]",['Carlo Collodi'],Harper Design,2020-04,0062905279,9780062905277,288,,,,,,2020
76,The Adventures of Pinocchio,['Carlo Collodi'],Createspace Independent Publishing Platform,2015-12-03,151967824X,9781519678249,156,,,,,,2015
77,The Adventures of Pinocchio,['Carlo Collodi'],William Morrow & Company,1983,0688022677,9780688022679,254,,,,,,1983
81,The Da Vinci Code,['Dan Brown'],Anchor,2009,0307474275,9780307474278,597,4,40,,,,2009
82,The Da Vinci Code (The Young Adult Adaptation),['Dan Brown'],Delacorte Press,2016-09-13,1524715840,9781524715847,416,,,US,8.99,USD,2016
83,The Da Vinci Code : Fact Or Fiction?,"['Hank Hanegraaff', 'Paul L. Maier']","Tyndale House Publishers, Inc.",2004,1414302797,9781414302799,81,5,1,,,,2004
84,The Truth Behind the Da Vinci Code,['Richard Abanes'],Harvest House Publishers,2004,0736914390,9780736914390,96,4,2,,,,2004
85,The Man Behind the Da Vinci Code,['Lisa Rogak'],Andrews McMeel Publishing,2005,0740756427,9780740756429,140,3.5,7,,,,2005
86,Cracking the Da Vinci Code,['Simon Cox'],Sterling Publishing Company Incorporated,2004,1402718373,9781402718373,160,3,1,,,,2004
87,The Da Vinci Code (Republish),['Dan Brown'],Bentang Pustaka,2018-08-02,6022911842,9786022911845,680,,,,,,2018
88,The Da Vinci Code (Abridged Edition),['Dan Brown'],Penguin UK,2016-09-08,0141373008,9780141373003,432,3,3403,,,,2016
89,Dan Brown: Author of the Da Vinci Code,['Laura Malfere'],Hyperink Inc,2012-02-29,1614649022,9781614649021,18,,,,,,2012
90,The Da Vinci Code,['Garry Williams'],Christian Focus Publications,2006,1845501217,9781845501211,62,,,,,,2006
91,Harry Potter and the Chamber of Secrets,['J.K. Rowling'],Pottermore Publishing,2015-12-08,1781100500,9781781100509,341,4.5,2388,US,9.99,USD,2015
92,Harry Potter and the Chamber of Secrets by J.K. Rowling (Book Analysis),['Bright Summaries'],BrightSummaries.com,2018-02-07,2806295971,9782806295972,62,,,,,,2018
94,Harry Potter and the Chamber of Secrets,['J. K. Rowling'],Bloomsbury Children's Books,2019-08-22,1526609207,9781526609205,272,,,,,,2019
95,Harry Potter and the Chamber of Secrets - Ravenclaw Edition,['J. K. Rowling'],Bloomsbury Children's Books,2018-06-28,1408898144,9781408898147,384,,,,,,2018
96,Harry Potter and the Chamber of Secrets - Slytherin Edition,['J. K. Rowling'],Bloomsbury Children's Books,2018-06-28,140889811X,9781408898116,372,,,,,,2018
97,Harry Potter and the Chamber of Secrets by J.K. Rowling,"['J. K. Rowling', 'Linda Ward Beech']",Scholastic Teaching Resources,2000,043921114X,9780439211147,16,4,7,,,,2000
98,Harry Potter and the Chamber of Secrets - Gryffindor Edition,['J. K. Rowling'],Bloomsbury Children's Books,2018-06-28,1408898098,9781408898093,371,,,,,,2018
99,Harry Potter and the Chamber of Secrets - Hufflepuff Edition,['J. K. Rowling'],Bloomsbury Children's Books,2018-06-28,1408898152,9781408898154,372,,,,,,2018
100,Harry Potter and the Chamber of Secrets: MinaLima Edition,['J. K. Rowling'],Bloomsbury Children's Books,2021-10-19,152663788X,9781526637888,400,,,,,,2021
101,Harry Potter and the Prisoner of Azkaban,['J.K. Rowling'],Pottermore Publishing,2015-12-08,1781100519,9781781100516,448,4.5,2232,US,9.99,USD,2015
102,Harry Potter and the Prisoner of Azkaban,"['J. K. Rowling', 'Linda Ward Beech']",Scholastic,2000,0439211158,9780439211154,16,4.5,2123,,,,2000
103,Harry Potter and the Prisoner of Azkaban - Slytherin Edition,['J. K. Rowling'],Bloomsbury Children's Books,2019-06-13,1526606224,9781526606228,461,,,,,,2019
104,Harry Potter and the Prisoner of Azkaban - Hufflepuff Edition,['J.k. Rowling'],Bloomsbury Children's Books,2019-06-13,1526606216,9781526606211,480,,,,,,2019
105,Harry Potter and the Prisoner of Azkaban - Ravenclaw Edition,['J. K. Rowling'],Bloomsbury Children's Books,2019-06-13,1526606194,9781526606198,480,,,,,,2019
106,Harry Potter and the Prisoner of Azkaban - Gryffindor Edition,['J. K. Rowling'],Bloomsbury Children's Books,2019-06-13,1526606178,9781526606174,465,,,,,,2019
107,Harry Potter and the Prisoner of Azkaban: The Illustrated Edition,['J. K. Rowling'],Arthur A. Levine Books,2017-10-03,0545791340,9780545791342,336,,,,,,2017
109,Harry Potter and the Prisoner of Azkaban by J.K. Rowling (Book Analysis),['Bright Summaries'],BrightSummaries.com,2018-02-07,2806295998,9782806295996,62,5,1,,,,2018
111,Harry Potter and the Goblet of Fire,['J. K. Rowling'],Arthur A. Levine Books,2000,1484475526,9781484475522,734,4.5,186,,,,2000
112,Harry Potter and the Goblet of Fire - Ravenclaw Edition,['J. K. Rowling'],Bloomsbury,2020-01-23,1526610329,9781526610324,640,,,,,,2020
113,Harry Potter and the Goblet of Fire - Hufflepuff Edition,['J. K. Rowling'],Bloomsbury,2020-01-23,1526610299,9781526610294,627,,,,,,2020
114,Harry Potter and the Goblet of Fire - Gryffindor Edition,['J. K. Rowling'],Bloomsbury,2020-01-23,1526610272,9781526610270,627,,,,,,2020
115,Harry Potter and the Goblet of Fire,['J. K. Rowling'],Bloomsbury Publishing,2014-01-01,1408855682,9781408855683,616,,,,,,2014
116,Harry Potter and the Goblet of Fire - Slytherin Edition,['J. K. Rowling'],Bloomsbury Children's Books,2020-01-23,1526610345,9781526610348,640,,,,,,2020
117,Harry Potter and the Goblet of Fire,['J. K. Rowling'],Bloomsbury Children's Books,2019-10-08,1526600420,9781526600424,464,,,,,,2019
119,Harry Potter Y El Cáliz de Fuego (Harry Potter 4) / Harry Potter and the Goblet of Fire,['J K Rowling'],Salamandra Bolsillo,2020-05-12,1644732106,9781644732106,640,,,,,,2020
120,Harry Potter and the Goblet of Fire by J.K. Rowling (Book Analysis),['Bright Summaries'],BrightSummaries.com,2018-02-07,2806295955,9782806295958,62,,,,,,2018
123,Harry Potter and the Order of the Phoenix - Hufflepuff Edition,['J. K. Rowling'],Bloomsbury,2020-06-11,1526618176,9781526618177,816,,,,,,2020
124,Harry Potter and the Order of the Phoenix - Gryffindor Edition,['J. K. Rowling'],Bloomsbury Children's Books,2020-06-11,1526618141,9781526618146,816,,,,,,2020
125,Harry Potter and the Order of the Phoenix Slytherin,['J. K. Rowling'],Bloomsbury Children's Books,2020-06-11,1526618206,9781526618207,816,,,,,,2020
127,Harry Potter and the Order of the Phoenix - Ravenclaw Edition,['J.K Rowling'],Bloomsbury Children's Books,2020-06-11,8498389275,9788498389272,816,,,,,,2020
128,Harry Potter y la Orden Del Fénix / Harry Potter and the Order of the Phoenix,['J. K. Rowling'],Salamandra Infantil Y Juvenil,2020-08-18,1644732114,9781644732113,896,,,,,,2020
129,Harry Potter Y La Orden del Fénix (Harry Potter 5) / Harry Potter and the Orden of the Phönix,['J K Rowling'],Salamandra Bolsillo,2020-05-12,1410320235,9781410320230,896,,,,,,2020
130,A Study Guide for J.K. Rowling's Harry Potter and the Order of the Phoenix,"['Gale, Cengage Learning']","Gale, Cengage Learning ",2015-03-13,,,15,,,US,3.99,USD,2015
132,Harry Potter and the Half-Blood Prince,['J. K. Rowling'],Large Print Press,2007,1594132216,9781594132216,831,4.5,95,,,,2007
133,Harry Potter and the Half-Blood Prince - Ravenclaw Edition,['J.K.Rowling'],Bloomsbury Children's Books,2021-01-21,1526618273,9781526618276,546,,,,,,2021
134,Harry Potter and the Half-Blood Prince - Hufflepuff Edition,['J.K. Rowling'],Bloomsbury Children's Books,2021-01-21,1526618257,9781526618252,546,,,,,,2021
135,Harry Potter and the Half-Blood Prince by J.K. Rowling (Book Analysis),['Bright Summaries'],BrightSummaries.com,2018-12-13,2808013132,9782808013130,52,,,,,,2018
136,Harry Potter and the Half-Blood Prince - Gryffindor Edition,['J.K. Rowling'],Bloomsbury Children's Books,2021-01-21,1526618230,9781526618238,560,,,,,,2021
137,Harry Potter and the Half-Blood Prince - Slytherin Edition,['J.K. Rowling'],Bloomsbury Children's Books,2021,1526618281,9781526618283,560,,,,,,2021
138,A Study Guide for J.K. Rowling's Harry Potter and the Half-Blood Prince,"['Gale, Cengage Learning']","Gale, Cengage Learning ",2015-03-13,1410320227,9781410320223,15,,,US,3.99,USD,2015
140,Unauthorized Harry Potter and the Chariots of Light News,['W. Frederick Zimmerman'],Nimble Books,2006-05-01,0977742482,9780977742486,160,1,1,,,,2006
142,Harry Potter and the Deathly Hallows,['J. K. Rowling'],Arthur a Levine,2007,1526618370,9781526618375,759,4.5,3534,,,,2007
143,Harry Potter and the Deathly Hallows - Slytherin Edition,['J. K. Rowling'],Bloomsbury Children's Books,2021-06-10,1526618338,9781526618337,640,,,,,,2021
144,Harry Potter and the Deathly Hallows - Ravenclaw Edition,['J. K. Rowling'],Bloomsbury Children's Books,2021-06-10,1526618303,9781526618306,640,,,,,,2021
145,Harry Potter and the Deathly Hallows - Gryffindor Edition,['J. K. Rowling'],Bloomsbury Children's Books,2021-06-10,1526618346,9781526618344,640,,,,,,2021
146,Harry Potter and the Deathly Hallows - Hufflepuff Edition,['J. K. Rowling'],Bloomsbury Children's Books,2021-06-10,0747593760,9780747593768,640,,,,,,2021
150,A Study Guide for J.K. Rowling's Harry Potter and the Deathly Hallows,"['Gale, Cengage Learning']","Gale, Cengage Learning ",2015-03-13,,,15,,,US,3.99,USD,2015
151,The Alchemist,['Paulo Coelho'],Harper,2009-11-01,0061881910,9780061881916,208,3,4445,,,,2009
152,The Alchemist,['Paulo Coelho'],HarperOne,2014-09-09,0062390627,9780062390622,208,3.5,436,,,,2014
153,The Alchemist,['Paulo Coelho'],HarperThorsons,2015-07-02,0008144222,9780008144227,224,3,4447,,,,2015
154,The Illustrated Alchemist,"['Paulo Coelho', 'Alan R. Clarke', 'Moebius']",Harper Collins,1998-11-01,006019250X,9780060192501,198,,,,,,1998
155,The Alchemist 25th Anniversary,['Paulo Coelho'],Harper,2014-04-15,0062355309,9780062355300,208,,,,,,2014
156,The Alchemist: A Graphic Novel,['Paulo Coelho'],Harper Collins,2010-11-23,0062024329,9780062024329,208,3.5,9,,,,2010
157,Summary of The Alchemist by Paulo Coelho,['Abbey Beathan'],Abbey Beathan Publishing,2019-06-10,1690407115,9781690407119,64,,,,,,2019
158,Extended Summary Of The Alchemist - By Paulo Coelho,['Sapiens Editorial'],Sapiens Editorial,2019-06-03,3966619865,9783966619868,26,,,US,3.99,USD,2019
159,The Alchemist,['Instaread'],Instaread Summaries,2016-03-21,1945048476,9781945048470,36,,,US,4.99,USD,2016
161,The Catcher in the Rye,['Jerome David Salinger'],Bantam,1951,0553250256,9780553250251,214,4,203,,,,1951
162,The Catcher in the Rye,['J. D. Salinger'],Penguin Books Limited,2010,0241950430,9780241950432,192,3.5,470,,,,2010
163,The Catcher in the Rye - J. D. Salinger,['Harold Bloom'],Infobase Publishing,2009-01-01,1438113730,9781438113739,,5,3,,,,2009
164,J. D. Salinger's the Catcher in the Rye,['Harold Bloom'],Infobase Publishing,2009-01-01,1438119259,9781438119250,225,4,2,,,,2009
165,Catcher in the Rye,['J.D. Salinger'],Barrons Educational Series,1984-10-01,0812034074,9780812034073,120,,,,,,1984
166,J.D. Salinger's The Catcher in the Rye,['Sarah Graham'],Routledge,2007-06-11,1134286554,9781134286553,144,,,,,,2007
167,Salinger's The Catcher in the Rye,['Sarah Graham'],A&C Black,2007-10-25,1441143106,9781441143105,128,,,US,22.45,USD,2007
168,"Holden's conflicts in J.D. Salinger's ""Catcher in the Rye""",['Dirk Lepping'],GRIN Verlag,2003-07-27,3638209601,9783638209601,7,,,US,3.34,USD,2003
171,The Bridges of Madison County,['Robert James Waller'],Grand Central Publishing,2014-01-28,1455554286,9781455554287,208,4.5,4,,,,2014
172,The Bridges of Madison County,['Robert James Waller'],Grand Central Publishing,2001-03-15,0759521727,9780759521728,192,4.5,10,US,7.99,USD,2001
176,Just Beyond the Firelight,['Robert James Waller'],Iowa State Press,1989,0813801672,9780813801674,184,,,,,,1989
178,The Summer Nights Never End. Until They Do,['Robert James Waller'],Traders Press,2012-01-15,,,223,,,,,,2012
183,Ben-Hur,['Lew Wallace'],Createspace Independent Publishing Platform,2016-04-16,1853262838,9781853262838,328,,,,,,2016
184,Ben Hur,['Lew Wallace'],Standard Ebooks,2021-03-19T20:57:47Z,1782642250,9781782642251,,,,,,,2021
185,Ben Hur,['Lew Wallace'],Wordsworth Editions,1996,8026868501,9788026868507,382,,,US,,,1996
186,Ben-Hur,['Carol Wallace'],Lion Fiction,2016-07-15,8075830067,9788075830067,464,,,,14.99,USD,2016
187,Ben-Hur (Illustrated),['Lew Wallace'],e-artnow,2016-09-05,,,575,,,,0.99,USD,2016
189,"Historical Novels of Lew Wallace: Ben-Hur, The Prince of India & The Fair God (Illustrated)",['Lew Wallace'],e-artnow,2017-04-20,,,1889,,,US,0.99,USD,2017
194,You Can Heal Your Life,['Louise L. Hay'],ReadHowYouWant.com,2009-12,1458748243,9781458748249,346,4.5,40,,,,2009
195,You Can Heal Your Life,['Louise Hay'],"Hay House, Inc",1995-03-07,1401922643,9781401922641,272,4,4,US,9.99,USD,1995
196,"You Can Heal Your Life, Companion Book",['Louise Hay'],"Hay House, Inc",2002-01-01,1401933521,9781401933524,,,,US,3.99,USD,2002
197,You Can Heal Your Heart,"['Louise L. Hay', 'David Kessler']",Hay House,2015-02-02,1401943888,9781401943882,216,4,4,,,,2015
198,You Can Heal Your Life Companion Book,['Louise L. Hay'],Hay House Incorporated,2002-01-01,156170878X,9781561708789,264,5,2,,,,2002
199,"You Can Heal Your Life, Gift Edition",['Louise Hay'],"Hay House, Inc",1999-09-01,1401919359,9781401919351,,3.5,13,US,9.99,USD,1999
200,Life Loves You,"['Louise Hay', 'Robert Holden']","Hay House, Inc",2015-05-05,1401946941,9781401946944,272,5,1,US,7.99,USD,2015
201,You Can Heal Your Life,['Louise L. Hay'],Hay House,2005-01-30,1401904211,9781401904210,,,,,,,2005
202,The Power Is Within You,['Louise Hay'],"Hay House, Inc",1995-03-07,1401928927,9781401928926,256,5,2,US,3.99,USD,1995
203,Life Loves You,"['Louise Hay', 'Robert Holden']",Hay House,2016-04-26,140194616X,9781401946166,272,,,,,,2016
204,One Hundred Years of Solitude,['Gabriel Garcia Marquez'],Harper Collins,2003-06-24,0060531045,9780060531041,432,3.5,227,,,,2003
206,One Hundred Years of Solitude,['Gabriel García Márquez'],"Penguin Books, Limited (UK)",2000,014118499X,9780141184999,422,,,,,,2000
207,Gabriel García Márquez's One Hundred Years of Solitude,['Harold Bloom'],Infobase Publishing,2006,0791085783,9780791085783,135,5,1,,,,2006
208,Gabriel García Márquez's One Hundred Years of Solitude,['Gene H. Bell-Villada'],Oxford University Press on Demand,2002-01-01,0195144554,9780195144550,176,5,1,,,,2002
209,Gabriel Garci ́a Ma ́rquez's One Hundred Years of Solitude,"['Gabriel Garcia Marquez', 'Harold Bloom']",Infobase Publishing,2009-01-01,1438125623,9781438125626,241,1,1,,,,2009
210,CliffsNotes on Garcia Marquez' One Hundred Years of Solitude,['Carl Senna'],Houghton Mifflin Harcourt,2015-07-21,0544183126,9780544183124,62,,,US,5.99,USD,2015
211,Study Guide to One Hundred Years of Solitude by Gabriel Garcia Marquez,['Intelligent Education'],Influence Publishers,2020-02-15,1645421457,9781645421450,162,,,US,5.99,USD,2020
216,Lolita,['Vladīmir Vladimirovich Nabokov'],Vintage Books,1997,0679723161,9780679723165,317,5,3,,,,1997
217,Lolita (Edició en català),['Vladimir Nabokov'],Grupo Planeta Spain,2014-06-25,8499308996,9788499308999,,,,US,4.99,USD,2014
219,The Annotated Lolita,"['Владимир Владимирович Набоков', 'Vladimir Vladimirovich Nabokov']",Vintage,1991,0679727299,9780679727293,457,4,258,,,,1991
220,Vladimir Nabokov's Lolita,['Ellen Pifer'],"Oxford University Press, USA",2003,0195150325,9780195150322,209,,,,,,2003
221,Vladimir Nabokov,['John Lennard'],eBook Partnership,2012-10-21,1847602215,9781847602213,114,,,US,6.2,USD,2012
223,Lolita - The Story of a Cover Girl,"['John Bertram', 'Yuri Leving']",Simon and Schuster,2013-07-19,1440329885,9781440329883,256,,,US,3,USD,2013
224,Heidi,['Johanna Spyri'],Puffin Books,2014-08-28,0147514029,9780147514028,294,,,,,,2014
226,Heidi,"['Johanna Spyri', 'Eloise McGraw']",Simon and Schuster,2000-11-01,0689839626,9780689839627,285,4,3,,,,2000
228,Heidi - Johanna Spyri (Stage-1),['Johanna Spyri'],Maviçatı Yayınları,2020-01-22,6052942304,9786052942307,80,,,,,,2020
229,Heidi,['Johanna Spyri'],Dk Pub,2005-03,0756612764,9780756612764,48,,,,,,2005
230,Heidi,"['Johanna Spyri', 'Robert Blaisdell', 'Thea Kliros']",Courier Corporation,2011-11-02,0486401669,9780486401669,76,,,,,,2011
232,"Heidi, by Johanna Spyri (Author), Translated by Helen B. Dole",['Johanna Spyri'],Createspace Independent Publishing Platform,2016-04-02,1530863627,9781530863624,158,,,,,,2016
236,Dr. Spock's The First Two Years,['Benjamin Spock'],Simon and Schuster,2002-02-16,0674868110,9780674868113,176,,,US,10.99,USD,2002
237,Dr. Spock's The School Years,['Benjamin Spock'],Simon and Schuster,2002-02-16,0446561428,9780446561426,304,,,US,15.99,USD,2002
239,Taming the Troublesome Child,['Kathleen W. Jones'],Harvard University Press,1999,,,310,,,,,,1999
242,The Boomer Century 1946-2046,['Richard Croker'],Grand Central Publishing,2009-05-30,,,352,5,1,US,12.99,USD,2009
243,The 1950s,"['William H. Young', 'William H.. Young', 'Nancy K. Young']",Greenwood Publishing Group,2004,,,348,2,2,US,55,USD,2004
244,Anne of Green Gables,['L. M. Montgomery'],Simon and Schuster,2014-01-14,1442490004,9781442490000,448,,,,,,2014
245,"Anne of Green Gables, Complete 8-Book Box Set",['L. M. Montgomery'],Starfire,1990-09-01,0553609416,9780553609417,497,4.5,31,,,,1990
246,Anne Of Green Gables,['Lucy Maud Montgomery'],Modern Library Classics,2008,0812979036,9780812979039,287,5,2,,,,2008
247,Anne of Green Gables,['L. M. Montgomery'],ABDO,2011-08-01,1616416122,9781616416126,112,4.5,268,,,,2011
248,Anne of Green Gables,"['Lucy Maud Montgomery', 'Sally M. Stockton']",CIDEB/Black Cat Publishing,2013,8853013230,9788853013231,63,4.5,268,,,,2013
249,The Landscapes of Anne of Green Gables,['Catherine Reid'],Timber Press,2018-03-27,160469789X,9781604697896,280,4.5,3,,,,2018
250,Anne of Green Gables,['Lucy Maud Montgomery'],Simon and Schuster,2018-05-01,1684124034,9781684124039,324,,,US,4.99,USD,2018
251,Anne of Avonlea,['L. M. Montgomery'],Tundra Books,2014-09-09,1770498613,9781770498617,352,,,US,6.99,USD,2014
252,Anne of Green Gables,['L. Montgomery'],ePenguin,2008-08-07,0141321598,9780141321592,464,,,,,,2008
253,Anne of Ingleside,['Lucy Maud Montgomery'],Starfire,1998,0553213156,9780553213157,277,3.5,26,,,,1998
255,Black Beauty,['Anne Sewell'],Lindhardt og Ringhof,2017-01-04,9176392694,9789176392690,255,,,US,4.13,USD,2017
256,Black Beauty,['Anna Sewell'],Collector's Library,2008,1905716419,9781905716418,238,,,,,,2008
257,Black Beauty,['Anna Sewell'],Yearling Books,2000-12,0440416450,9780440416456,240,,,,,,2000
259,Anna Sewell's Black Beauty,['Cathy East'],Penguin,2009-06-25,2070631885,9782070631889,48,,,,4.99,USD,2009
260,Black Beauty,['Anna Sewell'],Gallimard-Jeunesse,2010-08-01,1952433045,9781952433047,270,,,US,,,2010
261,The Illustrated Black Beauty,['Anna Sewell'],SeaWolf Press,2020-03-17,014240408X,9780142404089,210,,,,,,2020
262,Anna Sewell's Black Beauty,"['June Brigman', 'Anna Sewell', 'Roy Richardson']",Puffin Books,2005,0394865758,9780394865751,176,3.5,3,,,,2005
263,Black Beauty,['Robin McKinley'],Random House Books for Young Readers,1986,,,68,5,3,,,,1986
265,Reflections on the Name of the Rose,['Umberto Eco'],Vintage,1984,074939627X,9780749396275,84,,,,,,1984
266,The Name of the Rose,['Umberto Eco'],Houghton Mifflin Harcourt,2014,0544176561,9780544176560,579,3.5,157,,,,2014
267,Postscript to The Name of the Rose,"['Umberto Eco', 'Professor of Semiotics Umberto Eco']",San Diego : Harcourt Brace Jovanovich,1984,0472086219,9780472086214,84,5,1,,,,1984
268,"The Key to ""The Name of the Rose""","['Adele J. Haft', 'Jane G. White', 'Robert J. White']",University of Michigan Press,1999,1410353575,9781410353573,194,4,6,,,,1999
269,"A Study Guide for Umberto Eco's ""The Name of the Rose""","['Gale, Cengage Learning']","Gale, Cengage Learning ",2016-06-29,0674240898,9780674240896,27,,,US,3.99,USD,2016
270,Naming the Rose,"['M. Thomas Inge', 'Robert Emory Blackwell Professor of the Humanities M Thomas Inge']","Jackson, MS : University Press of Mississippi",1988,2806273544,9782806273543,206,,,,,,1988
273,On the Shoulders of Giants,['Umberto Eco'],Belknap Press,2019,,,288,,,,,,2019
274,The Name of the Rose by Umberto Eco (Book Analysis),['Bright Summaries'],BrightSummaries.com,2016-02-26,,,62,,,,,,2016
275,The Eagle Has Landed,['Jack Higgins'],Open Road Media,2011-03-29,1453215085,9781453215081,390,5,2,US,11.99,USD,2011
276,The Eagle Has Flown,['Jack Higgins'],Simon and Schuster,1991-11-01,0671746693,9780671746698,336,4,7,,,,1991
277,The Liam Devlin Novels,['Jack Higgins'],Open Road Media,2016-06-28,1504038819,9781504038812,706,,,US,25.99,USD,2016
281,The Savage Day,['Jack Higgins'],Open Road Media,2010-06-22,1936317389,9781936317387,344,4.5,2,US,8.99,USD,2010
284,Touch the Devil,['Jack Higgins'],Open Road Media,2010-06-22,,,208,4,2,US,7.99,USD,2010
285,Watership Down,['Richard Adams'],Puffin,2018-11-29,0141378948,9780141378947,656,4,234,,,,2018
286,Tales from Watership Down,['Richard Adams'],Vintage,2012-12-11,0307950190,9780307950192,267,3.5,22,,,,2012
288,Watership Down,['Richard Adams'],Simon and Schuster,2009-07-14,1786073099,9781439176122,496,4.5,306,US,13.99,USD,2009
291,A Study Guide for Richard Adams's Watership Down,"['Gale, Cengage Learning']","Gale, Cengage Learning ",2015-09-15,8432228540,9781230611884,15,,,US,3.99,USD,2015
292,Novels by Richard Adams,['Source Wikipedia'],University-Press.org,2013-09,,9788432228544,30,,,,,,2013
295,The Hite Report,['Shere Hite'],Seven Stories Press,2011-01-04,1609800354,9781609800352,512,4,1,US,14.99,USD,2011
297,The Shere Hite Reader,['Shere Hite'],Seven Stories Press,2011-01-04,0802134513,9780802134516,560,,,US,17.99,USD,2011
298,The Hite Report on the Family,['Shere Hite'],Grove Press,1996-04,0600601161,9780600601166,424,,,,,,1996
299,The Hite Report on Shere Hite,['Shere Hite'],Arcadia Books Limited,2000,0671069632,9780671069636,327,,,,,,2000
301,The Hite Report,['Shere Hite'],Bookthrift Company,1984-05,0356201295,9780356201290,438,,,,,,1984
303,The Hite Report on Women Loving Women,['Shere Hite'],Arcadia Books Limited,2007,,,213,,,,,,2007
305,Charlotte's Web (full color),['E. B. White'],Harper Collins,2001-10-02,0064410935,9780064410939,192,4,3872,,,,2001
306,Charlotte’s Web,['E. B. White'],HarperCollins UK,2015-03-17,0008139415,9780008139414,320,4.5,276,,,,2015
307,Charlotte's Web,['E. B. White'],HarperCollins,2015-03-17,0062406787,9780062406781,192,4.5,20,US,6.99,USD,2015
308,The Story of Charlotte's Web,['Michael Sims'],Bloomsbury Publishing USA,2011-06-07,0802778178,9780802778178,320,4.5,15,US,12.8,USD,2011
309,Charlotte's Web Read-Aloud Edition,"['E. B. White', 'Kate DiCamillo']",HarperCollins,2006-10-31,0060882611,9780060882617,192,4,19,,,,2006
313,The Annotated Charlotte's Web,['E. B. White'],HarperCollins,2006-10-31,006075740X,9780060757403,320,,,,,,2006
314,Charlotte's Web (Spanish edition),['E. B. White'],Rayo,2005-10-04,,,224,5,1,,,,2005
315,The Ginger Man,['J. P. Donleavy'],Open Road + Grove/Atlantic,2010-07-01,0802198163,9780802198167,368,3.5,10,US,10.99,USD,2010
316,The History of The Ginger Man,['James Patrick Donleavy'],Houghton Mifflin Harcourt,1994,083921037X,9780839210375,517,,,,,,1994
318,The Ginger Man,['James Patrick Donleavy'],Astor-Honor Incorporated,1958,,,381,3.5,10,,,,1958
320,The Ginger Man,['James P. Donleavy'],Astor-Honor Incorporated,1958-01-01,,,381,3.5,10,,,,1958
325,The Tale of Peter Rabbit,['Beatrix Potter'],Penguin,2018-05-01,1524790095,9781524790097,28,4,68,US,4.99,USD,2018
326,The Tale of Peter Rabbit,['Beatrix Potter'],Independently Published,2021-04-12,1604333766,9798736855902,28,4.5,2,,,,2021
327,The Classic Tale of Peter Rabbit,['Beatrix Potter'],Applesauce Press,2013-10-01,0486217116,9781604333763,74,,,,,,2013
328,The Tale of Peter Rabbit Coloring Book,['Beatrix Potter'],Courier Corporation,1971-01-01,0723268568,9780486217116,31,5,1,,,,1971
329,The Tale of Peter Rabbit,['Beatrix Potter'],Frederick Warne Publishers,2012,1101654953,9780723268567,10,4.5,2,,,,2012
330,The Further Tale of Peter Rabbit,['Emma Thompson'],Penguin,2012-10-11,0723257639,9781101654958,72,,,US,10.99,USD,2012
331,The World of Peter Rabbit,['Beatrix Potter'],Warne,2006-03-30,1604339225,9780723257639,1388,,,,,,2006
333,The Complete Tales of Beatrix Potter's Peter Rabbit,['Beatrix Potter'],Racehorse Publishing,2018,0871293560,9781631581717,96,,,,,,2018
334,The Adventures of Peter Rabbit and His Friends,"['Joseph Robinette', 'Beatrix Potter']",Dramatic Publishing,1994,,9780871293565,71,,,,,,1994
336,Jonathan Livingston Seagull,['Richard Bach'],Simon and Schuster,2014-10-21,147679331X,9781476793313,144,3.5,74,,,,2014
337,Jonathan Livingston Seagull,"['Richard Bach', 'Russell Munson']",HarperCollins UK,1994,0006490344,9780006490340,93,3.5,76,,,,1994
338,Jonathan Livingston Seagull: A story,['Richard Bach'],HarperCollins UK,2015-09-17,0008162980,9780008162986,144,3,69,,,,2015
340,Jonathan Livingston Seagull,['Richard Bach'],Simon and Schuster,2014-02-14,1476754691,9781476754697,288,5,4,US,11.99,USD,2014
344,Jonathan Livingston Seagull,['Richard Bach'],Avon,1976-01-01,,,128,4,6,,,,1976
346,The Very Hungry Caterpillar,"['Eric Carle', 'National Geographic Learning', 'Leiggi']",Penguin,1987,0399208534,9780399208539,28,4.5,35,,,,1987
347,Love from the Very Hungry Caterpillar,['Eric Carle'],Grosset & Dunlap,2015,0448489325,9780448489322,32,,,,,,2015
348,The Very Hungry Caterpillar's ABC,['Eric Carle'],Penguin,2016-05-10,0399539999,9780399539992,30,3,1,,,,2016
349,The Very Hungry Caterpillar,['Eric Carle'],Philomel,2001,0399237720,9780399237720,13,4,410,,,,2001
350,The Very Hungry Caterpillar's Favorite Words,['Eric Carle'],Penguin,2007,0448447045,9780448447049,20,5,2,,,,2007
351,The Very Hungry Caterpillar's Easter Colors,['Eric Carle'],Penguin,2017-01-17,045153347X,9780451533470,16,,,,,,2017
352,The Very Hungry Caterpillar Cookbook and Cookie Cutters Kit,['Eric Carle'],Chronicle Books,2014-09-02,145212552X,9781452125527,64,,,,,,2014
354,Thanks from The Very Hungry Caterpillar,['Eric Carle'],Penguin,2020-08-18,0593384334,9780593384336,32,,,US,8.99,USD,2020
355,A Message to Garcia,['Elbert Hubbard'],Simon and Schuster,2012-11-26,1625583605,9781625583604,140,,,US,0.99,USD,2012
359,A Message to Garcia and Other Essays,['Elbert Hubbard'],Digireads.com Publishing,2010-01-01,1947844172,9781947844179,42,,,,,,2010
360,A Message to Garcia,['Elbert Hubbard'],Sound Wisdom,2021-01-19,,,80,,,,10.95,USD,2021
368,To Kill a Mockingbird,['Harper Lee'],Dramatic Publishing,1970,0871299208,9780871299208,80,4,134,,,,1970
369,Harper Lee's To Kill a Mockingbird,['Michael J. Meyer'],Scarecrow Press,2010-10-14,0810877236,9780810877238,290,3.5,15,,,,2010
370,To Kill a Mockingbird (MAXNotes Literature Guides),['Anita Price Davis'],Research & Education Assoc.,2010,0738665428,9780738665429,128,4,1,US,3.95,USD,2010
371,To Kill A Mockingbird,['Harper Lee'],Random House,2014-11-04,1473518067,9781473518063,320,5,1,,,,2014
372,To Kill a Mockingbird,['Harper Lee'],Random House,1915-06-04,1785150367,9781785150364,320,5,1,,,,1915
373,To Kill A Mockingbird,['Harper Lee'],Barrons Educational Series,1984-10-01,0812034465,9780812034462,112,,,,,,1984
374,To Kill a Mockingbird,['Harper Lee'],Harper Perennial Modern Classics,2006-05-23,0061120081,9780061120084,336,4.5,2151,,,,2006
375,Harper Lee's To Kill a Mockingbird,['Christopher Sergel'],Dramatic Publishing,1970,0871290863,9780871290861,202,5,1,,,,1970
376,To Kill a Mockingbird,"['Harper Lee', 'Fred Fordham']",William Heinemann,2018-10,178515155X,9781785151552,288,4,1,,,,2018
378,Flowers In The Attic,['V.C. Andrews'],Simon and Schuster,2011-02-08,1451636946,9781451636949,416,4.5,9,US,11.99,USD,2011
379,The Flowers in the Attic Series: The Dollangangers,['V.C. Andrews'],Simon and Schuster,2012-12-17,1476704171,9781476704173,1500,,,US,30.99,USD,2012
380,The Flowers in the Attic Saga,['V.C. Andrews'],Simon Pulse,2016-10-18,1481496875,9781481496872,2064,,,,,,2016
381,Flowers in the Attic/Petals on the Wind,['V.C. Andrews'],Simon and Schuster,2009-11-10,1442403012,9781442403017,828,4,11,,,,2009
382,Flowers in the Attic,['V.C. Andrews'],Gallery Books,2019-11-12,198210810X,9781982108106,416,,,,,,2019
384,Flowers in the Attic: A Stage Play,['V.C. Andrews'],Simon and Schuster,2014-10-28,1501103954,9781501103957,80,,,US,0.99,USD,2014
388,Cosmos,['Carl Sagan'],Ballantine Books,2013,0345539435,9780345539434,396,4.5,1665,,,,2013
389,Star Stuff,['Stephanie Roth Sisson'],Macmillan,2014-10-14,1596439602,9781596439603,40,4.5,2,,,,2014
391,Cosmos Possible Worlds,['Ann Druyan'],National Geographic,2020-02-20,1426219083,9781426219085,384,5,1,,,,2020
393,Cosmos,['Grant-grey P. H. Guda'],CreateSpace,2014-04-25,0805057676,9780805057676,702,,,,,,2014
394,Carl Sagan,['William Poundstone'],Holt Paperbacks,2000-10-01,8408053043,9788408053040,496,,,,,,2000
395,Cosmos. Una Evolucisn Cssmica de Quince Mil Millones de Aqos Que Ha Transformado La Materia En Vida Y Consciencia,['Carl Sagan'],Planeta S A Editorial,2004,0394326873,9780394326870,364,5,1,,,,2004
398,Sophie's World,['Jostein Gaarder'],"Farrar, Straus and Giroux",2007-03-20,1466804270,9781466804272,544,3.5,1820,US,10.99,USD,2007
399,Sophie's World,['Jostein Gaarder'],Orion,1996-12,0753810263,9780753810262,,3.5,1902,,,,1996
400,Sophie's World,['Jostein Gaarder'],Phoenix (USA),1996,1857995872,9781857995879,60,,,,,,1996
403,Sophie's World,['Jostein Gaarder'],Orion,1995,1858819083,9781858819082,403,3.5,1902,,,,1995
404,Sophie's World - Teacher's Guide,['Jostein Gaarder'],"Farrar, Straus and Giroux",2007-05-01,,,8,,,,,,2007
407,Sophie's World (Dolphin) 36x Bin,['Jostein Gaarder'],Orion,1997-08-11,,,,,,,,,1997
408,Angels,['Denis Johnson'],Harper Perennial,2002-04-30,0060988827,9780060988821,224,4,3,,,,2002
409,Angels,['Marian Keyes'],Penguin UK,2005-03-31,0141928689,9780141928685,528,3,15,,,,2005
410,Paper Angels,['Jimmy Wayne'],Simon and Schuster,2012-11-06,1451674430,9781451674439,304,4.5,9,,,,2012
411,Angels,['Billy Graham'],Thomas Nelson Inc,1995,0849938716,9780849938719,208,4,22,,,,1995
412,Broken Angels,['Richard K. Morgan'],Takeshi Kovacs,2004,0345457714,9780345457714,366,3.5,37,,,,2004
413,Clockwork Angels,"['Kevin J. Anderson', 'Neil Peart']",ECW Press,2012,1770411216,9781770411210,315,3,1,,,,2012
414,Angels A to Z,['Matthew Bunson'],Harmony,1996,0517885379,9780517885376,310,,,,,,1996
415,Accompanied by Angels,['Luci Shaw'],Wm. B. Eerdmans Publishing,2006-06-19,0802829872,9780802829870,98,5,1,US,16,USD,2006
416,A Book of Angels,['Sophy Burnham'],Penguin,2011,1585428779,9781585428779,331,2,3,,,,2011
417,Angels and Demons,"['Ron Phillips', 'Ron Phillips Dmin']",Charisma Media,2015,162998034X,9781629980348,288,4,1,,,,2015
418,Kane and Abel,['Jeffrey Archer'],Minotaur Books,2018-11-27,125019959X,9781250199591,656,3.5,50,,,,2018
419,Kane and Abel,['Jeffrey Archer'],St. Martin's Paperbacks,2004-03-13,1429953950,9781429953955,592,3.5,34,US,9.99,USD,2004
420,Kane and Abel/Sons of Fortune,['Jeffrey Archer'],St. Martin's Griffin,2006-09-05,1429993723,9781429993722,1104,5,1,US,9.99,USD,2006
421,Kane et Abel,['Jeffrey Archer'],Livre de Poche,2012,2253161683,9782253161684,720,,,,,,2012
422,Kane & Abel,['Jeffrey Archer'],HarperTorch,1993-08-15,0061007129,9780061007125,592,5,1,,,,1993
423,Kane and Abel,['Jeffrey Archer'],Pan,2019-11-26,1529015103,9781529015102,560,,,,,,2019
425,Kane en Abel,['Jeffrey Archer'],Lindhardt og Ringhof,2020-10-29,872648790X,9788726487909,440,,,US,8.26,USD,2020
426,Kane & Abel,['Jeffrey Archer'],Fawcett,1983-05,0449204758,9780449204757,477,,,,,,1983
427,Kane og Abel,['Jeffrey Archer'],Lindhardt og Ringhof,2020-05-01,871198676X,9788711986769,660,,,US,19.05,USD,2020
438,War and Peace,['graf Leo Tolstoy'],Vintage,2008,1400079985,9781400079988,1273,4.5,5,,,,2008
439,War and Peace,['Leo Tolstoy'],Penguin,2007-06-05,1101003839,9781101003831,1456,5,2,US,1.99,USD,2007
440,War and Peace,['Leo Tolstoi'],BoD – Books on Demand,2018-04-04,3732632865,9783732632862,784,3,1,,,,2018
442,War and Peace,['graf Leo Tolstoy'],Modern Library Classics,2002,1772262676,9781772262674,1388,5,1,,,,2002
444,War and Peace (1000 Copy Limited Edition),['Leo Nikolayevich Tolstoy'],Engage Books,2016-07-01,0140447938,9780140447934,1140,4,161,,,,2016
445,War and Peace,"['Leo Tolstoy', 'Louise Maude']",Oxford University Press,2010-10-14,935276336X,9789352763368,1350,,,,,,2010
446,War and Peace,"['Leo Tolstoy', 'Anthony Briggs']",Penguin Classics,2009-02,,,1399,4,168,,,,2009
447,The Originals: War and Peace,['Leo Tolstoy'],Om Books International,2018-07-05,,,1096,5,1,US,0.99,USD,2018
448,THE DIARY OF ANNE FRANK,['Anne Frank'],LeBooks Editora ,2020-02-24,6500003667,9786500003666,260,,,US,0.99,USD,2020
449,The Diary of a Young Girl,['Anne Frank'],Penguin UK,2011-06-12,0141971665,9780141971667,368,4,13,,,,2011
451,The Play of the Diary of Anne Frank,"['Frances Goodrich', 'Albert Hackett', 'Anne Frank']",Heinemann,1995,0435233149,9780435233143,154,5,1,,,,1995
452,The Diary of Anne Frank,['Anne Frank'],Doubleday Books,2003,0385508476,9780385508476,851,5,8,,,,2003
453,The Diary of Anne Frank,"['Frances Goodrich', 'Albert Hackett']",WWW.Snowballpublishing.com,2017-02-13,1607969343,9781607969341,122,4,1,,,,2017
454,The Diary of Anne Frank,['Anne Frank'],Puffin,2015-04-02,0141345357,9780141345352,304,5,2,,,,2015
455,Anne Frank,"['Melissa Müller', 'Melissa MÃ?ller']",Macmillan,1998-10-15,0805059962,9780805059960,330,4.5,16,,,,1998
456,The Diary of a Young Girl,"['Anne Frank', 'SBP Editors']",Samaira Book Publishers,2018-12-15,9387550052,9789387550056,230,,,,,,2018
458,Your Erroneous Zones,['Wayne W. Dyer'],Harper Collins,2009-03-17,0061852007,9780061852008,256,4,11,US,10.99,USD,2009
459,"Summary Of ""Your Erroneous Zones: A Step By Step Advice For Escaping The Trap Of Negative Thinking And Taking Control Of Your Life - By Wayne Dyer""",['Sapiens Editorial'],Sapiens Editorial,2017-12-16,3963611537,9783963611537,29,,,US,3.99,USD,2017
462,You'll See It When You Believe It,['Wayne W. Dyer'],Harper Collins,2009-10-13,006186482X,9780061864827,320,,,US,7.49,USD,2009
463,Your Sacred Self,['Wayne W. Dyer'],Harper Collins,2009-10-13,1401919375,9781401919375,400,5,3,US,6.99,USD,2009
464,The Power of Intention,"['Wayne W. Dyer, Dr.']","Hay House, Inc",2006-01-01,1401949436,9781401949433,272,4,9,US,9.99,USD,2006
465,Living an Inspired Life,['Wayne W. Dyer'],Hay House,2016-03,140193627X,9781401936273,272,,,,,,2016
466,Don't Die with Your Music Still in You,"['Serena J. Dyer', 'Wayne W. Dyer']",Hay House Incorporated,2014,0062043293,9780062043290,177,,,,,,2014
467,Pulling Your Own Strings,['Wayne W. Dyer'],Harper Collins,2011-05-10,,,288,3,3,US,6.99,USD,2011
468,The Thorn Birds,['Colleen McCullough'],Harper Collins,2010-05-11,0061990477,9780061990472,688,4,66,,,,2010
473,The Touch,['Colleen McCullough'],Simon and Schuster,2003-11-25,,,464,3,3,US,7.99,USD,2003
478,The Purpose Driven Life,['Rick Warren'],Zondervan,2012-10-23,0310329337,9780310329336,368,4,20,US,9.99,USD,2012
479,The Purpose Driven Life (Enhanced Edition),"['Zondervan,']",Harper Collins,2011-01-26,0310332931,9780310332930,336,4.5,12,,,,2011
480,The Purpose-driven Life,['Richard Warren'],Zondervan,2002,0310205719,9780310205715,334,3.5,3018,,,,2002
481,The Purpose Driven Life Devotional for Kids,['Rick Warren'],Zonderkidz,2015-10-06,0310750458,9780310750451,384,,,US,6.99,USD,2015
482,The Purpose Driven Life,['Rick Warren'],Zondervan,2004,031080647X,9780310806479,128,4.5,7,,,,2004
483,The Purpose Driven Life Dvd Study Guide,['Rick Warren'],Harper Collins,2007-02-01,031027866X,9780310278665,77,4.5,7,,,,2007
484,Daily Inspiration for the Purpose Driven Life,['Rick Warren'],Zondervan,2010-10-05,0310865964,9780310865964,288,4,10,US,1.99,USD,2010
486,Summary and Analysis of The Purpose Driven Life: What On Earth Am I Here For?,['Worth Books'],Open Road Media,2017-02-28,1504044266,9781504044264,30,,,US,3.5,USD,2017
487,What on Earth Am I Here For?,['Rick Warren'],Purpose Driven Life,2004-10-22,0310264839,9780310264835,64,4.5,166,,,,2004
488,The Kite Runner,['Khaled Hosseini'],Riverhead Trade (Paperbacks),2013-03-05,159463193X,9781594631931,371,4,582,,,,2013
489,The Kite Runner,['Khaled Hosseini'],A&C Black,2011-09-05,140882485X,9781408824856,336,4,3473,,,,2011
490,The Kite Runner (play Script),['Matthew J. Spangler'],Penguin,2018,0735218064,9780735218062,132,,,,,,2018
491,The Kite Runner Graphic Novel,['Khaled Hosseini'],Penguin,2011,159448547X,9781594485473,132,4.5,7,,,,2011
492,A Study Guide for Khaled Hosseini's The Kite Runner,"['Gale, Cengage Learning']","Gale, Cengage Learning ",2015-03-13,1410320421,9781410320421,15,,,US,3.99,USD,2015
493,The Kite Runner,['Khaled Hosseini'],Bloomsbury Publishing,2013-01-01,1408845822,9781408845820,352,4,3469,,,,2013
495,"The Kite Runner, Khaled Hosseini","['Khaled Hosseini', 'Calum Kerr']",Longman Publishing Group,2009,1408217295,9781408217290,135,,,,,,2009
496,Quicklet On The Kite Runner By Khaled Hosseini (CliffNotes-like Book Summary),['Karen Lac'],Hyperink Inc,2011-11-07,1614640971,9781614640974,70,,,,,,2011
497,The Kite Runner,['Khaled Hosseini'],Bloomsbury UK,2011,1408815257,9781408815250,132,,,,,,2011
498,Valley of the Dolls 50th Anniversary Edition,['Jacqueline Susann'],"Grove/Atlantic, Inc.",2016-07-04,0802125352,9780802125354,496,3.5,49,,,,2016
499,Valley of the Dolls: 50th Anniversary Edition,['Jacqueline Susann'],Tiger L.L.C.,2016-06-22,099631783X,9780996317832,496,5,7,US,9.99,USD,2016
501,Dolls! Dolls! Dolls!,['Stephen Rebello'],Penguin Books,2020,8425317045,9788425317040,352,4,1,,,,2020
503,El Valle de las muñecas,['Jacqueline Susann'],Lectorum Publications,1985,0996317805,9780996317801,407,,,,,,1985
506,Valley of the Dolls: 50th Anniversary Edition,['Jacqueline Susann'],Tiger L.L.C.,2016-06-22,,,496,5,7,US,9.99,USD,2016
507,Valley of the Dolls,['Jacqueline Susann'],Tiger LLC,2015-05-28,,,476,,,,,,2015
508,The Great Gatsby,['F. Scott Fitzgerald'],Simon and Schuster,2003-05-27,074324639X,9780743246392,165,3.5,3111,US,1.99,USD,2003
509,The Great Gatsby,['F. Scott Fitzgerald'],Pocket Books,2020-11-17,1982146702,9781982146702,208,,,,,,2020
511,The Great Gatsby,['F. Scott Fitzgerald'],CreateSpace,2013-12-01,3159504786,9781494345549,136,3.5,3020,,,,2013
512,Lektüreschlüssel. F. Scott Fitzgerald: The Great Gatsby,['Andrew Williams'],Reclam Verlag,2014-02-05,9385031597,9783159504780,96,,,US,3.99,USD,2014
513,"The Achieving of The Great Gatsby, F. Scott Fitzgerald, 1920-1925","['Robert C. Long', 'Robert Emmet Long']",Associated University Press,1979,1101908297,9789385031595,226,,,,,,1979
515,The Great Gatsby,['F. Scott Fitzgerald'],Everyman's Library,2021,8193607007,9788172344566,208,,,,,,2021
517,The Great Gatsby,"['F. Scott Fitzgerald', 'SBP Editors']",Samaira Book Publishers,2017-11-07,,,160,,,,,,2017
518,Gone with the Wind,['Margaret Mitchell'],Simon and Schuster,2007-11-01,1416573461,9781416573463,960,4.5,4,US,9.99,USD,2007
519,Gone with the Wind,"['Margaret Mitchell', 'General Press']",GENERAL PRESS,2019-02-06,9388760123,9789388760126,896,4.5,2993,,,,2019
520,"Margaret Mitchell's Gone with the Wind Letters, 1936-1949",['Margaret Mitchell'],Simon & Schuster Books For Young Readers,1986,0020209509,9780020209508,441,,,,,,1986
521,Ruth's Journey,['Donald McCaig'],Simon and Schuster,2015-08-04,1451643543,9781451643541,400,3,10,,,,2015
522,Margaret Mitchell's Gone With the Wind,"['Ellen F. Brown', 'John Wiley Jr.']",Taylor Trade Publications,2011-02-16,158979527X,9781589795273,432,4,12,US,9.99,USD,2011
523,Gone with the Wind,"['Margaret Mitchell', 'Digital Fire']",DIGITAL FIRE,2019-11-07,9388760808,9789388760805,1150,,,,,,2019
524,The Scarlett Letters,['John Wiley Jr.'],Rowman & Littlefield,2014-10-08,1589798732,9781589798731,536,5,1,US,16.99,USD,2014
525,Margaret Mitchell & John Marsh,['Marianne Walker'],Peachtree Publishers,2011-09-01,1561456179,9781561456178,554,5,1,,,,2011
526,The Irish Roots of Margaret Mitchell's Gone with the Wind,"[""David O'Connell""]","Claves & Petry, Limited",1996,0965309304,9780965309301,121,,,,,,1996
527,The Making of Gone With The Wind,['Steve Wilson'],University of Texas Press,2014-09-01,0292761260,9780292761261,352,5,1,,,,2014
528,Rebecca,['Daphne Du Maurier'],Virago Press,2015,0349006571,9780349006574,432,4,2805,,,,2015
529,Rebecca,['Daphne Du Maurier'],Virago Press,2012,1844088790,9781844088799,448,,,,,,2012
530,Rebecca,['Clifford Williams'],Samuel French Limited,1994,0573113653,9780573113659,67,,,,,,1994
533,Rebecca,"['Daphne du Maurier', 'Daphne Maurier']",Suhrkamp Verlag,2016-03-07,0752478850,9780752478852,524,,,,,,2016
534,Rebecca Code,['Mark Simmons'],The History Press,2011-11-30,2226343253,9782226343253,192,,,US,2.99,USD,2011
535,Rebecca,"['Daphné Du Maurier', 'Anouk Neuhoff']",Albin Michel,2015-03-02,0349007683,9780349007687,544,,,,,,2015
536,Rebecca Mug,['Daphne Du Maurier'],Virago Press,2015-11-26,1405523824,9781405523820,,,,,,,2015
537,Daphne du Maurier Omnibus 4,['Daphne du Maurier'],Virago,2012-12-06,,,800,,,,,,2012
538,Nineteen Eighty-Four,['George Orwell'],BoD - Books on Demand,2021-01-01,9198577816,9789198577815,276,4,544,,,,2021
539,Orwell's Nineteen Eighty-four,['George Orwell'],Harcourt,1982,0140817743,9780140817744,450,,,,,,1982
541,On Nineteen Eighty-Four,['D.J. Taylor'],Abrams,2019-10-22,1432839683,9781432839680,208,,,US,15.29,USD,2019
542,"Nineteen Eighty-four, [by] George Orwell","['George Orwell', 'Michael Sherborne']",York Notes Advanced,2005,1400826640,9781400826643,112,,,,,,2005
543,Nineteen Eighty-four,['George Orwell'],Large Print Press,2017-04-05,0718193644,9780718193645,499,,,,,,2017
544,On Nineteen Eighty-Four,"['Abbott Gleason', 'Jack Goldsmith', 'Martha C. Nussbaum']",Princeton University Press,2010-07-28,3638775186,9783638775182,328,,,US,38.95,USD,2010
545,Nineteen Eighty-Four,['George Orwell'],Penguin UK,2013-02-07,0241430976,9780241430972,416,5,1,,,,2013
546,"George Orwell, Nineteen Eighty-Four: Winston Smith's Rebellion",['Gaby Schneidereit'],GRIN Verlag,2007-08-24,,,40,,,,,,2007
547,Penguin Readers Level 7: Nineteen Eighty-Four,['George Orwell'],Particular Books,2020-03-03,,,112,,,,,,2020
550,Mud on the Stars,['William Bradford Huie'],University of Alabama Press,1996-10-21,1527844897,9781527844896,375,,,,,,1996
551,He Slew the Dreamer,['William Bradford Huie'],Univ. Press of Mississippi,2018-11-15,1496820657,9781496820655,240,,,US,25,USD,2018
552,Literary Profiles of the Southern States,['David James Harkness'],Forgotten Books,2017-10-27,,,90,,,,,,2017
555,The Klansman,['William Bradford Huie'],London : W. H. Allen,1967,,,303,,,,,,1967
558,The Girl with the Dragon Tattoo,['Stieg Larsson'],Vintage Books,2011-11,0307949486,9780307949486,644,,,,,,2011
559,Girl with the Dragon Tattoo Trilogy Bundle,['Stieg Larsson'],Vintage Crime/Black Lizard,2011-11-29,0307950638,9780307950635,1800,3.5,100,US,24.99,USD,2011
560,Stieg Larsson,['Kurdo Baksi'],Simon and Schuster,2011-06-21,1451647158,9781451647150,192,,,US,10.99,USD,2011
561,The Girl with the Dragon Tattoo,['Stieg Larsson'],Vintage Books,2009,0307454541,9780307454546,600,3.5,2848,,,,2009
562,The Girl with the Dragon Tattoo,['Stieg Larsson'],Alfred a Knopf Incorporated,2008,0307269752,9780307269751,465,3.5,2831,,,,2008
564,The Psychology of the Girl with the Dragon Tattoo,"['Robin S. Rosenberg', ""Shannon O'Neill""]","BenBella Books, Inc.",2011-12-06,1936661357,9781936661350,304,4,1,US,14.99,USD,2011
565,The Tattooed Girl,"['Dan Burstein', 'Arne de Keijzer', 'John-Henri Holmberg']",St. Martin's Griffin,2011-05-10,1429983671,9781429983679,384,,,US,11.99,USD,2011
566,Stieg Larsson: Author of The Girl With the Dragon Tattoo,['Noelle Angelica Simon'],Hyperink Inc,2012-05-15,1614643008,9781614643005,25,,,,,,2012
567,The Girl in the Spider's Web,['David Lagercrantz'],Hachette UK,2015-08-27,1848667779,9781848667778,448,,,,,,2015
568,The Lost Symbol,['Dan Brown'],Anchor,2012-05-01,0307950689,9780307950680,624,3.5,106,,,,2012
569,The Lost Symbol,['Dan Brown'],Anchor,2009-09-15,0385533136,9780385533133,528,3.5,105,US,9.99,USD,2009
570,The Lost Symbol: Special Illustrated Edition,['Dan Brown'],Doubleday,2010-11-02,0385534507,9780385534505,480,2,1,US,11.99,USD,2010
571,Dan Brown's The Lost Symbol,['Alex Carmine'],Punked Books,2009,1908375019,9781908375018,156,4.5,7,,,,2009
572,Decoding The Lost Symbol,['Simon Cox'],Simon and Schuster,2009-11-03,1439172617,9781439172612,256,3.5,6,US,12.99,USD,2009
573,The Lost Symbol Illustrated edition,['Dan Brown'],Random House,2010-11-11,1409057976,9781409057970,528,4,5,,,,2010
576,Deciphering the Lost Symbol,['Christopher Hodapp'],Ulysses Press,2010-01,1569757739,9781569757734,189,,,,,,2010
577,Secrets of The Lost Symbol,"['Daniel Burstein', 'Arne de Keijzer']",Harper Collins,2010-10-19,0061964972,9780061964978,432,,,,,,2010
579,The Hunger Games: Special Edition,['Suzanne Collins'],Scholastic Inc.,2009-09-01,0545229936,9780545229937,384,4,7112,US,7.99,USD,2009
580,"Of Bread, Blood and The Hunger Games","['Mary F. Pharr', 'Leisa A. Clark', 'Donald E. Palumbo', 'C.W. Sullivan III']",McFarland,2012-07-10,0786470194,9780786470198,256,4,5,,,,2012
581,The Hunger Games Complete Trilogy,['Suzanne Collins'],Scholastic UK,2013-10-03,1407139983,9781407139982,1344,4.5,4,,,,2013
582,The Hunger Games Trilogy,['Suzanne Collins'],Scholastic Inc.,2011-05-01,0545387205,9780545387200,1187,4,1473,US,25.99,USD,2011
583,"Hunger Games 4-Book Hardcover Box Set (the Hunger Games, Catching Fire, Mockingjay, the Ballad of Songbirds and Snakes)",['Suzanne Collins'],Scholastic Press,2020-10-06,1338686534,9781338686531,1872,,,,,,2020
585,"Hunger Games 4-Book Digital Collection (The Hunger Games, Catching Fire, Mockingjay, The Ballad of Songbirds and Snakes)",['Suzanne Collins'],Scholastic Inc.,2020-10-06,1338715259,9781338715255,,,,US,42.99,USD,2020
586,Violence in Suzanne Collins' The Hunger Games Trilogy,['Gary Wiener'],Greenhaven Publishing LLC,2014-08-21,0737770686,9780737770681,200,,,US,51.04,USD,2014
587,The Panem Companion,['V. Arrow'],"BenBella Books, Inc.",2012-12-04,1937856275,9781937856274,224,3.5,6,US,14.99,USD,2012
595,Nothing But the Truth,['Joseph Berger'],New York : John Day Company,1971,,,286,,,,,,1971
596,Russian Prose Writers Between the World Wars,"['Gale Group', 'Gale Cengage']",Gale / Cengage Learning,2003,,,580,,,,,,2003
600,Who Moved My Cheese?,['Spencer Johnson'],Penguin,1998-09-08,1101495871,9781101495872,96,3.5,3204,US,11.99,USD,1998
601,Who Moved My Cheese,['Spencer Johnson'],Random House,2015-03-20,1446458520,9781446458525,96,4,5,,,,2015
602,"Summary Of ""Who Moved My Cheese? - By Spencer Johnson""",['Sapiens Editorial'],Sapiens Editorial,2018-04-01,3963761873,9783963761874,20,,,US,3.99,USD,2018
603,Who Moved My Cheese?,"['Spencer Johnson', 'Steve Pileggi']",Putnam Publishing Group,2003,0399240160,9780399240164,61,4.5,3,,,,2003
604,Who Moved My Cheese? - Gujarati eBook,['Spencer Johnson M.D.'],R R Sheth & Co Pvt Ltd,2019-06-29,938888261X,9789388882613,96,,,US,3.99,USD,2019
608,Spencer Johnson's Who Moved My Cheese? Summary,['Ant Hive Media'],Createspace Independent Publishing Platform,2016-03-21,0970565100,9780970565105,30,,,,,,2016
609,Who Moved My Cheese Change Survival Kit,"['Spencer Johnson', 'Kenneth Blanchard']",Putnam Berkley Audio,2000-10-01,,,,,,,,,2000
610,A Brief History of Time,['Stephen Hawking'],Bantam,2011-05-04,055389692X,9780553896923,224,3.5,90,US,9.99,USD,2011
611,The Illustrated a Brief History of Time,['Stephen Hawking'],Bantam,1996,0553103741,9780553103748,248,4,11,,,,1996
612,A Brief History of Time,['Stephen Hawking'],Bantam Press,2011-08-01,0857501003,9780857501004,240,3.5,80,,,,2011
614,A Briefer History of Time,"['Stephen Hawking', 'Leonard Mlodinow']",Bantam,2008,0553385461,9780553385465,162,2.5,8,,,,2008
615,Stephen Hawking's A Brief History of Time,['Stephen W. Hawking'],Bantam Dell Publishing Group,1992,0553077724,9780553077728,194,1,1,,,,1992
616,A Brief History Of Time,['Stephen Hawking'],Random House,2009-11-10,1409092364,9781409092360,272,4.5,20,,,,2009
617,Stephen Hawking Deluxe Set,['Stephen W. Hawking'],Bantam Dell Publishing Group,2002-10,0553676431,9780553676433,,,,,,,2002
619,A Brief History of Time - Summarized for Busy People: Based On the Book By Stephen Hawking,['Goldmine Reads'],"Lulu Press, Inc",2018-07-27,1387979639,9781387979639,,,,US,2.99,USD,2018
624,Paul & Virginia,['Bernardin de Saint-Pierre'],Peter Owen Limited,2005,,,142,3,1,,,,2005
629,Paul und Virginie,['Jacques Henri Bernardin de Saint-Pierre'],BoD – Books on Demand,2015-02-19,,,108,,,,,,2015
632,Lust for Life,['Irving Stone'],Plume,1984,0452262496,9780452262492,489,4,6,,,,1984
642,The Wind in the Willows,['Kenneth Grahame'],Pan Macmillan,2017-03-23,1509846700,9781509846702,,4,146,US,0.99,USD,2017
644,The Wind in the Willows,['Kenneth Grahame'],Createspace Independent Publishing Platform,2017-01-23,1604334789,9781604334784,158,4,142,,,,2017
645,The Wind in the Willows,['Kenneth Grahame'],Applesauce Press,2014-04-29,0393057747,9780393057744,72,,,,,,2014
646,The Annotated Wind in the Willows,['Kenneth Grahame'],W. W. Norton & Company,2009,1772266027,9781772266023,384,5,2,,,,2009
647,The Wind in the Willows (100 Copy Limited Edition),['Kenneth Grahame'],SF Classic,2018-11-13,1473319412,9781473319417,140,,,,,,2018
651,Kenneth Grahame's The Wind in the Willows,"['Jackie C. Horne', 'Donna R. White']",Scarecrow Press,2009-11-25,,,302,,,,79.5,USD,2009
654,The 7 Habits of Highly Effective People,['Stephen R. Covey'],Simon and Schuster,2013-11-19,1451639619,9781451639612,391,4.5,4,,,,2013
656,The 7 Habits of Highly Effective People,['Stephen R. Covey'],Simon and Schuster,2004,0743272455,9780743272452,372,4.5,23,,,,2004
657,The 7 Habits of Highly Effective People Personal Workbook,['Stephen R. Covey'],Simon and Schuster,2004-03-29,0743267036,9780743267038,192,5,2,US,13.99,USD,2004
659,The 7 Habits of Highly Effective People,"['Stephen R. Covey', 'Sean Covey']",Simon & Schuster,2020-05-19,1982137134,9781982137137,464,,,,,,2020
660,The 7 Habits of Highly Effective Families,['Stephen R. Covey'],St. Martin's Press,2014-08-05,1466874325,9781466874329,390,4,4,US,11.99,USD,2014
661,The 7 Habits Journal,['Stephen R. Covey'],Simon and Schuster,2002-08-27,0743237064,9780743237062,176,,,,,,2002
662,The 7 Habits of Highly Effective Families,['Stephen R. Covey'],Macmillan,1997-09-15,0307440087,9780307440082,390,4,4,,,,1997
663,The 7 Habits of Highly Effective People,['Stephen R. Covey'],Rosetta Books,2013-11-15,0795336403,9780795336409,432,4,2,US,17.99,USD,2013
664,Virgin Soil Upturned,"['Mikhail Aleksandrovich Sholokhov', 'R. C. Daglish']",University Press of the Pacific,2000-12-01,0898751144,9780898751147,468,,,,,,2000
669,"Virgin Soil Upturned, Book Two",['Mikhail Aleksandrovich Sholokhov'],Imported Publication,1986-03-01,,,,,,,,,1986
674,The Celestine Prophecy,['James Redfield'],Grand Central Publishing,2008-08-01,0446545554,9780446545556,247,3,3733,US,13.99,USD,2008
675,The Celestine Vision,['James Redfield'],Grand Central Publishing,2001-04-15,0759522898,9780759522893,272,5,1,US,5.99,USD,2001
676,The Celestine Prophecy,"['James Redfield', 'St. Leger Joynes', 'Monty Joynes']",Hampton Roads Publishing Company Incorporated,2005,1571744584,9781571744586,163,,,,,,2005
677,The Song of Celestine,"['James Redfield', 'Dee Lillegard', 'Dean Morrissey']",Little Brown & Company,1998,0316739235,9780316739238,48,,,,,,1998
678,The Tenth Insight,['James Redfield'],Grand Central Publishing,2009-11-29,0446571296,9780446571296,256,4.5,5,US,12.99,USD,2009
679,Celestine Prophecy,['James Redfield'],Transworld Publishers,2012-05,0857501577,9780857501578,64,,,,,,2012
680,The Secret of Shambhala,['James Redfield'],Grand Central Publishing,2001-04-15,0759522901,9780759522909,256,5,5,US,11.99,USD,2001
681,The Twelfth Insight,['James Redfield'],Grand Central Publishing,2011-02-15,044657595X,9780446575959,240,3,22,US,11.99,USD,2011
684,The Fault in Our Stars,['John Green'],Dutton Books for Young Readers,2018,0525555749,9780525555742,576,4.5,1699,,,,2018
687,The Fault in Our Stars Songbook,['Hal Leonard Corp.'],Hal Leonard Corporation,2014-08-01,1495004775,9781495004773,104,5,1,US,16.99,USD,2014
690,The Fault in Our Stars: A 30-minute Summary of the John Green Novel,['Instaread Summaries'],Instaread Summaries,2014-10-21,,,50,,,US,4.99,USD,2014
691,"Mortality in the novel ""The Fault in Our Stars"" by John Green. An exploration of the theme with reference to the cancer patients Hazel Grace and Augustus Waters",['Rahul Gautam'],GRIN Verlag,2016-08-23,3668281572,9783668281578,14,,,US,14.86,USD,2016
692,The Fault in Our Stars by John Green a 30-Minute Summary,"['Instaread Summaries', 'John Green']",CreateSpace,2014-05-09,1499513623,9781499513622,76,,,,,,2014
695,The Shack,['William P. Young'],Windblown Media,2008-06-20,0964729296,9780964729292,256,3.5,2096,US,9.99,USD,2008
696,The Shack,['Wm. Paul Young'],Windblown Media,2008-09-02,0964729288,9780964729285,384,4.5,39,,,,2008
697,The Shack,['Wm. Paul Young'],Windblown Media,2012-10-02,1455523046,9781455523047,384,5,1,US,11.99,USD,2012
698,The Shack,['William P. Young'],Windblown Media,2008-07-01,0964729237,9780964729230,256,3,8469,,,,2008
700,Summary of the Shack by William P. Young - Finish Entire Novel in 15 Minutes,['Speedyreads'],Blurb,2018-04-24,1388846993,9781388846992,48,,,,,,2018
701,The Shack Revisited,['C. Baxter Kruger'],FaithWords,2012-10-02,1455516813,9781455516810,304,4,3,US,10.99,USD,2012
704,The Godfather,['Mario Puzo'],Random House,2009-01-01,0099528126,9780099528128,595,4,93,,,,2009
705,The Godfather,['Mario Puzo'],Penguin,2005,0451217403,9780451217400,433,4.5,18,,,,2005
706,The Godfather,['Mario Puzo'],Penguin,2005-10-04,1101043113,9781101043110,496,,,US,9.99,USD,2005
707,The Godfather Returns,['Mark Winegardner'],"Random House Digital, Inc.",2005,0345478983,9780345478986,538,,,,,,2005
708,The Godfather,"['Mario Puzo', 'Chris Rice']",Penguin Longman,1998,0582402417,9780582402416,56,4,88,,,,1998
709,The Making of the Godfather,['Mario Puzo'],Grand Central Publishing,2013-04-23,1455548936,9781455548934,42,,,US,0.99,USD,2013
711,"A Study Guide for Mario Puzo's ""The Godfather""","['Gale, Cengage Learning']","Gale, Cengage Learning ",2016-06-29,1410346927,9781410346926,31,,,US,3.99,USD,2016
712,The Godfather Notebook,['Francis Ford Coppola'],Simon and Schuster,2016-12-20,1942872313,9781942872313,784,4,1,US,29.99,USD,2016
713,The Godfather's Revenge,['Mark Winegardner'],Penguin,2007-11-06,1101211296,9781101211298,624,,,US,9.99,USD,2007
715,Love Story [Fiftieth Anniversary Edition],['Erich Segal'],HarperCollins,2020-02-04,0063026023,9780063026025,176,3.5,41,US,7.99,USD,2020
716,Love Story,['Erich Segal'],VERGARA (SELLO),2011,8466648860,9788466648868,171,,,,,,2011
720,Love story [texte (gros caractères)],['Erich Segal'],Aylmer [Québec] : Éditions Jouvence,1992*,1568955200,9781568955209,233,,,,,,1992
721,Only Love,['Erich Segal'],Wheeler Pub Incorporated,1997,1444711563,9781444711561,265,3,1,,,,1997
724,Catching Fire,['Suzanne Collins'],Scholastic Press,2013,0545586178,9780545586177,391,3,5,,,,2013
725,"Hunger Games 4-Book Digital Collection (The Hunger Games, Catching Fire, Mockingjay, The Ballad of Songbirds and Snakes)",['Suzanne Collins'],Scholastic Inc.,2020-10-06,1338715259,9781338715255,,,,US,42.99,USD,2020
726,Catching Fire,['Suzanne Collins'],Ernst Klett Sprachen GmbH,2015-04-13,3125781698,9783125781696,341,,,,,,2015
727,Catching Fire: the Hungar Games by Suzanne Collins -- Review,['Expert Book Reviews'],CreateSpace,2014-01-07,1494885905,9781494885908,40,,,,,,2014
729,The Hunger Games: Catching Fire: The Official Illustrated Movie Companion,['Kate Egan'],Scholastic Inc.,2013-11-22,0545647142,9780545647144,160,4,10,US,11.99,USD,2013
730,Catching Fire,"['Expert Book Reviews', 'Suzanne Collins']",CreateSpace,2014-02-23,1496035534,9781496035530,40,,,,,,2014
731,Quicklet on Suzanne Collins' Catching Fire (CliffNotes-like Book Summary and Analysis),['Stephanie Seales'],Hyperink Inc,2012-07-30,1614646309,9781614646303,29,,,,,,2012
732,"Hunger Games 4-Book Hardcover Box Set (the Hunger Games, Catching Fire, Mockingjay, the Ballad of Songbirds and Snakes)",['Suzanne Collins'],Scholastic Press,2020-10-06,1338686534,9781338686531,1872,,,,,,2020
735,"Hunger Games 4-Book Digital Collection (The Hunger Games, Catching Fire, Mockingjay, The Ballad of Songbirds and Snakes)",['Suzanne Collins'],Scholastic Inc.,2020-10-06,1338715259,9781338715255,,,,US,42.99,USD,2020
736,Mockingjay: by Suzanne Collins - Review,['Expert Book Reviews'],CreateSpace,2014-01-11,1494945258,9781494945251,44,,,,,,2014
737,Mockingjay: The Hunger Games - Book Three (Study Guide),['BookCaps Study Guides Staff'],BookCaps Study Guides,2011,161042901X,9781610429016,,5,7,US,3.97,USD,2011
739,"The Mockingjay, symbol of a revolution. Power and dangers of mass media in ""The Hunger Games"" trilogy by Suzanne Collins",['Iris Strimitzer'],GRIN Verlag,2016-10-24,3668325863,9783668325869,11,,,US,14.65,USD,2016
740,Mockingjay: by Suzanne Collins -- Sidekick,['Bookbuddy'],CreateSpace,2014-01-11,1494945290,9781494945299,38,,,,,,2014
742,CliffsNotes on Collins’ Mockingjay,['Janelle Blasdel'],Houghton Mifflin Harcourt,2014-05-06,1470106396,9781470106393,30,,,US,2.99,USD,2014
744,Kitchen,['Banana Yoshimoto'],Open Road + Grove/Atlantic,2015-09-15,0802190464,9780802190468,160,3.5,50,US,10.99,USD,2015
745,Kitchen,['Banana Yoshimoto'],Gallimard Education,1996,2070394867,9782070394869,149,,,,,,1996
746,KITCHEN,['Banana Yoshimoto'],"Tusquets Editores, S.A.",1994,8472238377,9788472238374,208,5,1,,,,1994
747,"A Study Guide for Mahoko Yoshimoto's ""Kitchen""","['Gale, Cengage Learning']","Gale, Cengage Learning ",2016-06-29,1410350525,9781410350527,17,,,US,3.99,USD,2016
752,Kitchen,['Banana Yoshimoto'],Editions Gallimard,1994,,,148,,,,,,1994
754,Andromeda Nebula,"['Ivan Yefremov', 'Maria K.', 'PubRight Manuscript Services']",CreateSpace,2014-03-17,1497377730,9781497377738,368,,,,,,2014
755,Autobiography of a Yogi,['Paramahansa Yogananda'],The Floating Press,2009-01-01,1775411451,9781775411451,480,4,6,US,3.99,USD,2009
756,Autobiography Of A Yogi (english),['Yogananda (Paramahansa)'],Crystal Clarity Publishers,2010-01-30,8120725247,9788120725249,527,3.5,25,,,,2010
757,Autobiography of a Yogi,['Paramhansa Yogananda'],Sterling Publishers Pvt. Ltd,2003-12-01,0876123493,9780876123492,480,4,6,,,,2003
758,Autobiography of a Yogi (Japanese),['Paramahansa Yogananda'],Self-Realization Fellowship Publishers,2014-07-25,1515426629,9781515426622,606,,,,,,2014
763,Autobiography of a Yogi,['Paramahansa Yogananda'],Digireads.com,2018-04,8193540166,9788193540169,376,,,,,,2018
764,The Autobiography of a Yogi,"['Paramahansa Yogananda', 'SBP Editors']",Samaira Book Publishers,2017-11-04,,,640,,,US,0.99,USD,2017
767,Gone Girl,['Gillian Flynn'],Weidenfeld & Nicolson,2012,1780221355,9781780221359,466,3.5,938,,,,2012
768,The Complete Gillian Flynn,['Gillian Flynn'],Broadway Books,2014-10-21,0553419889,9780553419887,1072,,,,,,2014
770,The Gillian Flynn Collection,['Gillian Flynn'],Weidenfeld & Nicolson,2015-07-30,1474601960,9781474601962,,,,,,,2015
771,The Gillian Flynn Collection,['Gillian Flynn'],Hachette UK,2013-12-05,1780227876,9781780227870,1200,,,,,,2013
774,Gone Girl: by Gillian Flynn | Summary & Analysis,['Elite Summaries'],Elite Summaries,2018-05-08,,,,,,US,2.99,USD,2018
775,The Girl on the Train,['Paula Hawkins'],Penguin,2015-01-13,0698185390,9780698185395,336,3.5,2992,US,12.99,USD,2015
776,The Girl on the Train (Movie Tie-In),['Paula Hawkins'],Riverhead Books,2016-08-23,0735212155,9780735212152,336,3.5,2976,,,,2016
777,The Girl on the Train,['Paula Hawkins'],Random House,2015-01-15,1448171687,9781448171682,416,4.5,3,,,,2015
778,Into the Water,['Paula Hawkins'],Riverhead Books (Hardcover),2018-05,0735211221,9780735211223,400,,,,,,2018
779,Into the Water,['Paula Hawkins'],Penguin,2017-05-02,0735211213,9780735211216,400,3.5,85,US,12.99,USD,2017
780,A-z - the Girl on the Train,['Book*Sense'],Createspace Independent Publishing Platform,2015-12-26,1522915133,9781522915133,70,,,,,,2015
781,Summary of The Girl on the Train,['Instaread Summaries'],Idreambooks,2016-04-05,1945272147,9781945272141,28,,,,,,2016
782,The Girl on the Train by Paula Hawkins (Book Analysis),['Bright Summaries'],BrightSummaries.com,2017-11-03,2808004508,9782808004503,52,,,,,,2017
785,All Quiet on the Western Front,['Erich Maria Remarque'],Random House,2013-09-03,0812985532,9780812985535,240,4.5,7,US,7.99,USD,2013
786,All Quiet on the Western Front,"['Tony Evans', 'Erich Maria Remarque', 'Sarah Wimperis']",Real Reads,2014-03-01,1906230668,9781906230661,64,5,2,,,,2014
787,All Quiet on the Western Front,['Erich Maria Remarque'],Random House Trade Paperbacks,1996,191123823X,9781911238232,295,5,2,,,,1996
788,All Quiet on the Western Front,"['Erich Maria Remarque', 'Kenneth W. Fitch']",Classics Illustrated Vintage R,2019-03-21,0972976566,9780972976565,,,,,,,2019
791,All Quiet on the Western Front by Erich Maria Remarque (Book Analysis),['Bright Summaries'],BrightSummaries.com,2015-12-21,143811365X,9781438113654,24,,,,,,2015
792,Erich Maria Remarque's All Quiet on the Western Front,['Harold Bloom'],Infobase Publishing,2009,1645421112,9781645421115,224,5,2,,,,2009
793,All Quiet on the Western Front - Erich Maria Remarque,['Harold Bloom'],Infobase Publishing,2009-01-01,,,,,,,,,2009
794,Study Guide to All Quiet on the Western Front by Erich Maria Remarque,['Intelligent Education'],Influence Publishers,2020-02-15,,,74,,,US,5.99,USD,2020
795,The Bermuda Triangle,['Charles Berlitz'],Avon Books,1975,0380004658,9780380004652,252,3.5,7,,,,1975
796,Tracking the Bermuda Triangle,"['Jenna Vale', 'Aaron Rosenberg']","The Rosen Publishing Group, Inc",2018-12-15,1508185700,9781508185703,64,,,,,,2018
797,The Bermuda Triangle,['Gail B. Stewart'],Capstone,2009,160152336X,9781601523365,96,,,,,,2009
798,The Bermuda Triangle,['Jane Bingham'],Capstone,2014-11-01,1410969207,9781410969200,48,,,US,8.99,USD,2014
800,Charles Berlitz's World of the Odd and the Awesome,['Charles Berlitz'],Fawcett Books,1991,0449220133,9780449220139,272,,,,,,1991
804,Searching for the Bermuda Triangle,"['Aaron Rosenberg', 'Vivian E. Shumway']","The Rosen Publishing Group, Inc",2011-08-15,,,64,,,US,35.45,USD,2011
805,Things Fall Apart,['Chinua Achebe'],Penguin UK,2013-04-25,0141393963,9780141393964,176,3.5,211,,,,2013
806,Things Fall Apart,['Chinua Achebe'],Penguin,2010-10-06,0307743853,9780307743855,224,3,8,US,8.99,USD,2010
807,A Study Guide for Chinua Achebe's Things Fall Apart,"['Gale, Cengage Learning']","Gale, Cengage Learning ",2015-09-15,1410336611,9781410336613,15,,,US,3.99,USD,2015
808,Things Fall Apart by Chinua Achebe (Book Analysis),['Bright Summaries'],BrightSummaries.com,2018-05-31,2808002262,9782808002264,62,,,,,,2018
809,Chinua Achebe's Things Fall Apart,['Isidore Okpewho'],Oxford University Press on Demand,2003,0195147634,9780195147636,275,,,,,,2003
811,Chinua Achebe's Things Fall Apart,"[""Sara Talis O'Brien""]",Research & Education Assoc.,1999,0878912339,9780878912339,140,,,,,,1999
812,Things Fall Apart (MAXNotes Literature Guides),"[""Sara O'Brien""]",Research & Education Assoc.,2015-04-24,0738672890,9780738672892,198,,,US,3.95,USD,2015
813,Achebe's Things Fall Apart,['Ode Ogede'],A&C Black,2007-05-16,0826490840,9780826490841,120,,,,,,2007
814,CliffsNotes on Achebe's Things Fall Apart,['John Chua'],Houghton Mifflin Harcourt,2011-05-18,0544184203,9780544184206,132,,,US,5.99,USD,2011
815,The Play of George Orwell's Animal Farm,"['Peter Hall', 'George Orwell']",Heinemann,1993,0435232916,9780435232917,143,1,1,,,,1993
816,Animal Farm,['George Orwell'],Transaction Publishers,2009,1412811902,9781412811903,113,4,1797,,,,2009
818,Animal Farm by George Orwell,['Jean Armstrong'],VCTA,1985,0358093155,9780358093152,81,,,,,,1985
819,Animal Farm,['George Orwell'],Houghton Mifflin,2019,0452277507,9780452277502,176,1,1,,,,2019
820,Animal Farm,['George Orwell'],Plume,1996,024119668X,9780241196687,114,4,1806,,,,1996
821,Animal Farm. The Illustrated Edition,['George Orwell'],Penguin Classics,2015-08-06,1438128711,9781438128719,128,,,,,,2015
822,George Orwell's Animal Farm,['Harold Bloom'],Infobase Publishing,2009,0582434475,9780582434479,175,4,1,,,,2009
823,Animal Farm,"['George Orwell', 'John Shuttleworth']",Longman Italia,2000,0008442649,9780008442644,144,,,,,,2000
824,Animal Farm (Collins Classics),['George Orwell'],HarperCollins UK,2021-01-07,,,144,4,331,,,,2021
825,Wolf Totem,['Jiang Rong'],Penguin Books,2015-09-08,0143109316,9780143109310,544,4,8,,,,2015
828,Wolf Totem and the Post-Mao Utopian,['Xiaojiang Li'],BRILL,2018-03-22,1594201846,9781594201844,592,,,,,,2018
832,Wolf Totem,['Jiang Rong'],Penguin,2008-03-27,,,544,4,9,US,9.99,USD,2008
833,Wolf Totem and the Post-Mao Utopian,['Xiaojiang Li'],BRILL,2018-03-22,,,592,,,,,,2018
834,The Happy Hooker,['Xaviera Hollander'],Harper Paperbacks,2002-06-04,0060014164,9780060014162,304,3,4,,,,2002
835,The Happy Hooker,['Xaviera Hollander'],Harper Collins,2011-07-26,0062116614,9780062116611,304,3.5,5,US,7.99,USD,2011
836,The Happy Hooker's Guide to Sex,['Xaviera Hollander'],Skyhorse,2008-05-17,1602392404,9781602392403,144,,,,,,2008
838,Prostitution in the Digital Age,['Ronald Barri Flowers'],ABC-CLIO,2011,0313384606,9780313384608,238,,,,,,2011
840,All in the Family,['Robert O. Self'],Hill and Wang,2012-09-18,1429955562,9781429955560,528,4,1,US,11.99,USD,2012
841,The People's almanac presents the book of lists #3,"['Amy Wallace', 'Irving Wallace']",Bantam Books,1988-09-01,0553278681,9780553278682,490,4,7,,,,1988
843,The Smith Tapes,['Ezra Bookstein'],Chronicle Books,2015-11-03,,,384,,,US,24.95,USD,2015
844,Jaws,['Peter Benchley'],Hutchinson Radius,1977,0345544145,9780345544148,128,3,70,,,,1977
845,Jaws,['Peter Benchley'],Ballantine Books,2013,1458720004,9781458720009,340,,,,,,2013
846,The Jaws Log,"['Carl Gottlieb', 'Peter Benchley']",ReadHowYouWant.com,2010-10-19,0345543599,9780345543592,288,4,2,,,,2010
847,Jaws 2-Book Bundle: Jaws and Shark Trouble,['Peter Benchley'],Random House,2012-12-17,0582435854,9780582435858,496,,,,,,2012
848,Jaws,['Peter Benchley'],Longman,2000-01,0929631145,9780929631141,36,,,,,,2000
849,Selected from Jaws,['Peter Benchley'],Literacy Volunteers of,1990,085170929X,9780851709291,63,,,,,,1990
852,Jaws,['Antonia Quirke'],Macmillan,2002-08-26,,,95,4.5,2,,,,2002
853,Jaws 2: The Making of the Hollywood Sequel,"['Louis R. Pisano', 'Michael A. Smith']",BearManor Media,2015-10-06,,,,,,US,9.95,USD,2015
854,Love You Forever,['Robert N. Munsch'],Firefly Books,1986,0920668372,9780920668375,32,4.5,346,,,,1986
855,Je T'aimerai Toujours / Love You Forever,['Robert N. Munsch'],Firefly Books Limited,1988-07,0920668496,9780920668498,32,5,1,,,,1988
856,Love You Forever,['Robert N. Munsch'],Firefly Books Limited,2000,1552091090,9781552091098,32,4,154,,,,2000
857,I Will Love You Forever,['Caroline Jayne Church'],Cartwheel Books,2016-08-30,0545942004,9780545942003,22,5,1,,,,2016
862,Love You Forever,['Robert N. Munsch'],Firefly Books,1986,,,32,4.5,346,,,,1986
866,The Love Children,['Marilyn French'],The Feminist Press at CUNY,2009-09-01,1558616217,9781558616219,329,4,2,US,15.99,USD,2009
867,The Bleeding Heart,['Marilyn French'],Open Road Media,2013-09-24,067144784X,9780671447847,408,,,US,10.99,USD,2013
868,From Eve to Dawn: A History of Women in the World Volume II,['Marilyn French'],The Feminist Press at CUNY,2008-04-01,034538248X,9780345382481,336,,,US,10.99,USD,2008
870,The Bleeding Heart,['Marilyn French'],Simon & Schuster,1980,1558616195,9781558616196,377,3.5,2,,,,1980
871,The War Against Women,['Marilyn French'],"Random House Digital, Inc.",1993,,,223,,,,,,1993
872,In the Name of Friendship,['Marilyn French'],The Feminist Press at CUNY,2008-02-01,,,408,2,1,US,15.99,USD,2008
873,From Eve to Dawn: A History of Women in the World Volume I,['Marilyn French'],The Feminist Press at CUNY,2008-04-01,,,336,,,US,10.99,USD,2008
874,What to Expect when You're Expecting,"['Arlene Eisenberg', 'Heidi Eisenberg Murkoff', 'Sandee Eisenberg Hathaway']",Workman Publishing Company,1996,089480829X,9780894808296,479,3,20,,,,1996
875,What to Expect when You're Expecting,"['Heidi Eisenberg Murkoff', 'Arlene Eisenberg', 'Sandee Eisenberg Hathaway']",Workman Publishing Company,2002,0761121323,9780761121329,597,4.5,31,,,,2002
876,What to Expect the Toddler Years,"['Arlene Eisenberg', 'Heidi Murkoff', 'Sandee Hathaway']",Workman Publishing,2009-12-20,0761151001,9780761151005,928,4,5,,,,2009
879,The What to Expect When You're Expecting Pregnancy Organizer,"['Arlene Eisenberg', 'Heidi Eisenberg Murkoff', 'Sandee E. Hathaway']",Workman Publishing Company,1995-01-06,1563058723,9781563058721,224,5,2,,,,1995
880,What to Expect when You're Expecting,"['Arlene Eisenberg', 'Heidi Murkoff', 'Sandee Eisenberg Hathaway', 'Sandee Hathaway']",Workman Publishing,1996,1563058758,9781563058752,479,4,180,,,,1996
881,What to Expect the First Year,"['Heidi Murkoff', 'Arlene Eisenberg', 'Sandee Hathaway']",Workman Publishing,2009-06-01,076115213X,9780761152132,806,4.5,32,,,,2009
883,What to Eat when You're Expecting,"['Arlene Eisenberg', 'Heidi Eisenberg Murkoff', 'Sandee Eisenberg Hathaway']",Workman Publishing Company,1986,0894800159,9780894800153,349,4,2,,,,1986
884,Adventures of Huckleberry Finn,['Mark Twain'],Courier Corporation,1994-05-26,0486280616,9780486280615,220,,,,,,1994
886,The Adventures of Huckleberry Finn,['Mark Twain'],Collector's Library,2004-02,1904633463,9781904633464,360,,,,,,2004
887,The Adventures of Huckleberry Finn,['Mark Twain'],Alma Classics,2016-08-25,1847496024,9781847496027,160,3.5,3395,,,,2016
889,The Adventures of Huckleberry Finn,"['Mark Twain', 'Guy Cardwell']",Penguin Classics,2009,0143105949,9780143105947,327,,,,,,2009
890,The Originals: The Adventures of Huckleberry Finn,['Mark Twain'],Om Books International,2018-07-05,9352763386,9789352763382,256,,,US,0.99,USD,2018
891,The Adventures of Huckleberry Finn,['Mark Twain'],Penguin Classics,2003,0141439645,9780141439648,393,,,,,,2003
892,Adventures of Huckleberry Finn,['Mark Twain'],SeaWolf Press,2018-05-03,1948132818,9781948132817,358,,,,,,2018
893,Adventures of Huck Finn,['Mark Twain'],Prestwick House Inc,2005-01-30,1580495834,9781580495837,280,5,2,US,4.99,USD,2005
894,"The Secret Diary of Adrian Mole, Aged 13 3/4",['Sue Townsend'],Open Road Media,2018-01-02,1504048857,9781504048859,261,,,US,9.99,USD,2018
895,"Adrian Mole, The Early Years",['Sue Townsend'],Open Road Media,2018-03-27,1504052226,9781504052221,480,,,US,10.99,USD,2018
896,The Secret Diary & Growing Pains of Adrian Mole Aged 13 3⁄4,['Sue Townsend'],Penguin UK,2017-03-23,1405932643,9781405932646,800,,,,,,2017
897,Adrian Mole: The Collected Poems,['Sue Townsend'],Michael Joseph,2017-03-16,0718188039,9780718188030,64,,,,,,2017
898,The Growing Pains of Adrian Mole,['Sue Townsend'],Open Road Media,2018-01-02,1504048830,9781504048835,277,3.5,3,US,9.99,USD,2018
899,Adrian Mole: The Prostrate Years,['Sue Townsend'],Open Road Media,2018-01-02,1504048814,9781504048811,283,4,7,US,9.99,USD,2018
900,Adrian Mole: The Cappuccino Years,['Sue Townsend'],Open Road Media,2018-01-02,1504048806,9781504048804,390,,,US,9.99,USD,2018
901,"The Lost Diaries of Adrian Mole, 1999–2001",['Sue Townsend'],Open Road Media,2018-01-02,1504048849,9781504048842,283,,,US,9.99,USD,2018
902,"Adrian Mole, The Later Years",['Sue Townsend'],Open Road Media,2018-05-29,150405413X,9781504054133,1030,,,US,3.99,USD,2018
903,Adrian Mole: The Wilderness Years,['Sue Townsend'],Open Road Media,2018-01-02,1504048822,9781504048828,182,3.5,4,US,9.99,USD,2018
906,Pride and Prejudice,['Jane Austen'],Modern Library Classics,2000,0743487591,9780743487597,304,4,1851,,,,2000
907,Jane Austen's Pride and Prejudice,['Jane Austen'],Puffin Books,2018-10,0615517153,9780615517155,336,,,,,,2018
908,Pride and Prejudice,"['Jane Austen', 'Karen Davidson']",Simon and Schuster,2004-05,9386019612,9789386019615,458,5,1,,,,2004
910,"Pride and Prejudice (World Classics, Unabridged)",['Jane Austen'],Alpha Editions,2017-02-01,0307950905,9780307950901,308,,,,,,2017
912,The Annotated Pride and Prejudice,['Jane Austen'],Anchor,2012,,,780,4,16,,,,2012
915,Kon-Tiki,['Thor Heyerdahl'],Simon and Schuster,2014-11-11,1632200171,9781632200174,304,5,1,,,,2014
917,Kon-Tiki,['Thor Heyerdahl'],Simon and Schuster,2013-05-07,1906165319,9781906165314,256,,,US,5.99,USD,2013
920,A Hero for the Atomic Age,['Axel Andersson'],Peter Lang,2010,039486364X,9780394863641,252,,,,,,2010
922,Voyage of the Kon-Tiki,['Dolores Engel'],Raintree,1979-01-01,,,31,,,,,,1979
923,"Kon-Tiki, a True Adventure of Survival at Sea","['Thor Heyerdahl', 'Lisa Norby']",Random House Books for Young Readers,1984,,,93,,,,,,1984
925,The Good Soldier Svejk,['Jaroslav Hašek'],Everyman's Library,1993,0679420363,9780679420361,800,4.5,2,,,,1993
926,The Good Soldier Svejk,['Jaroslav HaSek'],Penguin Classics,2005,0140449914,9780140449914,784,5,1,,,,2005
927,The Good Soldier Svejk and His Fortunes in the World War,['Jaroslav Hasek'],Harper Perennial Modern Classics,2018-08-07,0062835440,9780062835444,784,,,,,,2018
928,"The Fateful Adventures of the Good Soldier Švejk During the World War, Book(s) Three & Four",['Jaroslav Hašek'],Good Soldier Švejk,2009-05,1438916779,9781438916774,296,,,,,,2009
929,The Good Soldier: Schweik,['Jaroslav Hašek'],New American Library of Canada,1962,0140182748,9780140182743,447,3.5,19,,,,1962
931,Svejk,"['Colin Teevan', 'Jaroslav Hasek']",Oberon Books,1999,,,104,,,,,,1999
932,The Bad Bohemian,['Cecil Parrott'],Vintage,1978,,,296,,,,,,1978
934,Behind the Lines,"['Hašek, Jaroslav ']","Charles University in Prague, Karolinum Press",2016-08-01,,,110,,,US,9.06,USD,2016
935,Where the Wild Things Are,['Maurice Sendak'],Harper Collins,1988-11-09,0060254939,9780060254933,48,4,4553,,,,1988
937,Where the Wild Things Are: The Movie Storybook,"['Barb Bersche', 'Michelle Quint']",Harper Collins,2009-09-08,0061656860,9780061656866,48,5,1,,,,2009
938,Where the Wild Things Are,"['Marie-Helen Goyetche', 'Maurice Sendak']",Classroom Complete Press,2007,1553193237,9781553193234,55,,,,,,2007
939,Where the Wild Things Are: Puzzle Book,"['Alice Cameron', 'Maurice Sendak']",Harper Collins,2009-09-08,0061656852,9780061656859,14,4,1,,,,2009
940,Where the Wild Things Are: Max Plush Toy and Sticker Book,['Running Press'],RP Minis,2017-05-02,0762461551,9780762461554,16,,,,,,2017
942,Where the Wild Things Are Collector's Edition,['Maurice Sendak'],HarperCollins,2012-12-26,,,48,,,,,,2012
945,The Power of Positive Thinking,['Norman Vincent Peale'],Prabhat Prakashan,101-01-01,,,,,,US,0.99,USD,101-
946,Discovering The Power Of Positive Thinking,['Norman Vincent Peale'],Orient Paperbacks,2006-10,8122204120,9788122204124,160,5,1,,,,2006
947,The Power of Positive Thinking,['Norman Vincent Peale'],Touchstone Books,2003-03-12,0743234804,9780743234801,240,4.5,9,,,,2003
948,The Power of Positive Thinking,"['Norman Vincent Peale', 'General Press']",GENERAL PRESS,2018-10-31,938811857X,9789388118576,240,4,416,US,0.99,USD,2018
949,The Power of Positive Living,['Norman Vincent Peale'],Open Road Media,2015-09-29,1504023293,9781504023290,231,5,1,US,10.99,USD,2015
950,Positive Thinking Every Day,['Dr. Norman Vincent Peale'],Simon and Schuster,2008-06-30,0743261607,9780743261609,384,5,2,US,10.99,USD,2008
951,The Amazing Results of Positive Thinking,['Dr. Norman Vincent Peale'],Simon and Schuster,2007-11-01,1416590420,9781416590422,288,4,3,US,12.99,USD,2007
952,Positive Thinking Volume Two,['Norman Vincent Peale'],Open Road Media,2018-10-02,1504056175,9781504056175,1180,,,US,37.99,USD,2018
953,The Positive Principle Today,['Dr. Norman Vincent Peale'],Simon and Schuster,2007-11-01,1416589546,9781416589549,256,5,1,US,12.99,USD,2007
954,Positive Imaging,['Norman Vincent Peale'],Open Road Media,2015-09-29,1504023250,9781504023252,177,3.5,2,US,8.99,USD,2015
955,The Secret,['Rhonda Byrne'],Simon and Schuster,2011-07-07,0731815297,9780731815296,216,3,3596,,,,2011
958,The Secret Daily Teachings,['Rhonda Byrne'],Simon and Schuster,2013-08-27,1476751935,9781476751931,384,5,6,,,,2013
959,El Secreto (The Secret),['Rhonda Byrne'],Simon and Schuster,2009-08-25,1439102716,9781439102718,192,4.5,13,US,12.99,USD,2009
960,THE MAGIC,['Rhonda Byrne'],Simon and Schuster,2012-03-06,0731815599,9780731815593,272,3.5,7,,,,2012
961,The Power,['Rhonda Byrne'],Atria,2010-08-17,1439181780,9781439181782,272,4,16,,,,2010
962,The Greatest Secret,['Rhonda Byrne'],HarperCollins,2020-11-24,0063086433,9780063086432,276,,,US,13.99,USD,2020
963,The Secret Gratitude Book,['Rhonda Byrne'],Simon and Schuster,2007-12-11,158270208X,9781582702087,192,4.5,32,,,,2007
965,Fear of Flying,['Erica Jong'],Vintage,2015-01-15,0099598337,9780099598336,352,3.5,42,,,,2015
966,Fear of Flying,['Erica Jong'],Macmillan,2013-10-08,0805098585,9780805098587,355,4,1,,,,2013
967,Fear of Flying,['Erica Jong'],Open Road Media,2013-09-03,1453222081,9781453222089,311,3,84,US,19.99,USD,2013
968,Fear of Dying,['Erica Jong'],St. Martin's Press,2015-09-08,146687290X,9781466872905,256,3,3,US,11.99,USD,2015
969,Fear of Fifty,['Erica Jong'],Penguin,2006-09-07,1101153423,9781101153420,352,4,1,US,4.99,USD,2006
974,"The image of Germany and the Germans in Erica Jong’s ""Fear of Flying "" and Walter Abish’s ""How German Is It """,['Ulrike Miske'],GRIN Verlag,2008-09-09,,,68,,,US,10.99,USD,2008
975,Dune,['Frank Herbert'],Penguin,2003-08-26,1101658053,9781101658055,896,4,26,US,9.99,USD,2003
976,Dune,['Frank Herbert'],Berkley,1984,042507160X,9780425071601,544,4,257,,,,1984
977,Dreamer of Dune,['Brian Herbert'],Macmillan,2004-07,0765306476,9780765306470,592,3,2,,,,2004
978,Dune,['Frank Herbert'],Penguin,2005,0441013597,9780441013593,528,4.5,24,,,,2005
979,The Science of Dune,['Kevin Grazier'],"BenBella Books, Inc.",2009-06-22,1935251406,9781935251408,232,,,US,17.95,USD,2009
980,The Secrets of Frank Herbert's Dune,['James Van Hise'],iBooks,2001,074340730X,9780743407304,160,,,,,,2001
981,Dune Messiah,['Frank Herbert'],Ace,2020-07-07,0593201736,9780593201732,304,3.5,61,,,,2020
982,Frank Herbert's Dune Saga Collection: Books 1-3,['Frank Herbert'],Penguin,2020-12-22,0593437233,9780593437230,1856,,,US,26.99,USD,2020
983,Frank Herbert's Dune Saga Collection: Books 1 - 6,['Frank Herbert'],Penguin,2020-06-02,0593333020,9780593333020,3000,,,US,54.99,USD,2020
984,A Dune Companion,['Donald E. Palumbo'],McFarland,2018-08-03,1476633290,9781476633299,197,,,US,21.99,USD,2018
985,Charlie and the Chocolate Factory,['Roald Dahl'],Penguin,2016-09-06,0425287661,9780425287668,192,4,184,,,,2016
986,Charlie and the Chocolate Factory (Colour Edition),['Roald Dahl'],Penguin UK,2016-09-13,0141378557,9780141378558,160,4,201,,,,2016
989,Charlie and the Chocolate Factory,['Roald Dahl'],Penguin,2021-05-04,0593349660,9780593349663,192,,,,,,2021
990,Roald Dahl,['Michelle M. Houle'],"Enslow Publishers, Inc.",2006,0766023532,9780766023536,104,,,,,,2006
991,Chairlie and the Chocolate Works,['Roald Dahl'],Black & White Publishing Ltd,2016-09-28,1785301012,9781785301018,300,5,1,US,4.49,USD,2016
992,Charlie and the Chocolate Factory,"['Roald Dahl', 'Richard George']",Dramatic Publishing,1976,0871292203,9780871292209,60,4,15,,,,1976
993,Charlie and the Chocolate Factory by Roald Dahl,['Melanie Komar'],On The Mark Press,1996,1550353535,9781550353532,64,,,,,,1996
994,Roald Dahl's Charlie and the Chocolate Factory Whipple-Scrumptious Sticker Activity Book,['Puffin'],Puffin,2017-05-04,0141376708,9780141376707,16,,,,,,2017
